214629162,class,free,pm
214630382,dance,salsa,lesson
219287536,lunch,pm,attend
219287562,lunch,pm,attend
219489890,group,work,many
219537970,please,also,tickets
219733207,lunch,pm,attend
219803070,well,come,us
219803078,well,come,us
219935963,data,learn,talk
220153944,park,august,free
220274539,data,learn,talk
220274564,group,work,many
220613499,vegan,food,raw
220614168,vegan,food,raw
220616702,data,learn,talk
220705111,lunch,pm,attend
220705137,lunch,pm,attend
220722006,group,work,many
220759250,data,learn,talk
221117719,church,st,mass
221132241,please,also,tickets
221180897,music,bring,play
221192521,happy,pm,hour
221197895,lunch,pm,attend
221198101,lunch,pm,attend
221198157,lunch,pm,attend
221198172,lunch,pm,attend
221198253,lunch,pm,attend
221198272,lunch,pm,attend
221461720,church,st,mass
221683311,data,learn,talk
221714734,music,jazz,concert
221714916,university,pm,center
221993862,game,play,players
221993908,music,bring,play
221994084,music,bring,play
222157919,data,learn,talk
222255004,event,food,amp
222255129,park,august,free
222255425,well,come,us
222255430,well,come,us
222255439,well,come,us
222291329,please,also,tickets
222320180,film,life,world
222320361,film,life,world
222380665,music,jazz,concert
222380693,music,jazz,concert
222380710,music,jazz,concert
222380729,park,august,free
222380749,park,august,free
222431068,please,also,tickets
222451253,university,pm,center
222465123,park,august,free
222465145,park,august,free
222465164,park,august,free
222465191,park,august,free
222465225,park,august,free
222466126,class,free,pm
222481729,data,learn,talk
222504388,church,st,mass
222532456,park,august,free
222532488,park,august,free
222532548,park,august,free
222532646,park,august,free
222532774,park,august,free
222532804,park,august,free
222532852,park,august,free
222535082,university,pm,center
222573371,park,august,free
222573399,park,august,free
222573428,park,august,free
222573507,park,august,free
222573514,park,august,free
222593566,please,also,tickets
222642215,amp,tour,cruise
222644982,games,th,weekend
222645212,event,food,amp
222651296,church,st,mass
222695100,event,food,amp
222698754,amp,tour,cruise
222789986,data,learn,talk
222791719,well,come,us
222916491,event,food,amp
222916768,university,pm,center
222989948,data,learn,talk
222994406,event,food,amp
222995096,pm,show,comedy
222998573,film,life,world
223036629,well,come,us
223036653,well,come,us
223036690,well,come,us
223036695,well,come,us
223097105,pm,parking,meet
223141331,data,learn,talk
223156052,event,food,amp
223182042,well,come,us
223182626,film,life,world
223193650,please,also,tickets
223251565,data,learn,talk
223271104,well,come,us
223273978,please,also,tickets
223274145,please,also,tickets
223298437,park,outdoor,mall
223333453,data,learn,talk
223344751,data,learn,talk
223344791,data,learn,talk
223403613,data,learn,talk
223424913,lesson,energy,healing
223440674,event,food,amp
223465348,please,may,come
223469491,well,come,us
223497756,event,food,amp
223527142,please,also,tickets
223529636,film,life,world
223538687,film,life,world
223544536,please,also,tickets
223558654,please,also,tickets
223573755,us,event,community
223576078,data,learn,talk
223578214,event,food,amp
223582410,park,outdoor,mall
223583006,please,also,tickets
223586961,film,life,world
223609933,film,life,world
223612341,data,learn,talk
223613067,data,learn,talk
223615163,us,event,community
223622978,film,life,world
223628783,film,life,world
223635252,pm,parking,meet
223635341,please,also,tickets
223644309,us,event,community
223651693,happy,pm,hour
223652600,film,life,world
223656136,event,food,amp
223674767,music,bring,play
223680883,us,event,community
223688079,us,event,community
223688319,class,free,pm
223714286,church,st,mass
223716146,music,jazz,concert
223716174,music,bring,play
223735600,university,pm,center
223736102,music,bring,play
223738597,pm,show,comedy
223744728,data,learn,talk
223745352,well,come,us
223749701,games,th,weekend
223749708,games,th,weekend
223762436,class,free,pm
223770928,amp,tour,cruise
223775081,film,life,world
223785168,church,st,mass
223785191,church,st,mass
223786267,data,learn,talk
223789582,amp,tour,cruise
223793731,lesson,energy,healing
223796745,class,free,pm
223796747,class,free,pm
223796750,class,free,pm
223802970,us,event,community
223814159,please,also,tickets
223816275,lesson,energy,healing
223817560,well,come,us
223817591,well,come,us
223820065,pm,parking,meet
223834208,data,learn,talk
223835413,us,event,community
223839628,data,learn,talk
223841561,data,learn,talk
223847041,class,free,pm
223871244,pm,parking,meet
223875838,well,come,us
223880757,music,jazz,concert
223885410,data,learn,talk
223889426,lesson,energy,healing
223890951,well,come,us
223898098,event,food,amp
223900812,film,life,world
223901014,pm,parking,meet
223920838,event,food,amp
223923123,film,life,world
223927310,university,pm,center
223940130,please,also,tickets
223940456,well,come,us
223941124,please,also,tickets
223948965,pm,parking,meet
223956033,data,learn,talk
223958580,pm,parking,meet
223961887,group,work,many
223973539,class,free,pm
223977982,data,learn,talk
223992811,well,come,us
223996210,well,come,us
224008671,church,st,mass
224008991,church,st,mass
224016992,lesson,energy,healing
224017162,lesson,energy,healing
224017195,us,event,community
224022349,university,pm,center
224027233,well,come,us
224032167,pm,show,comedy
224035182,event,food,amp
224037299,group,work,many
224037942,music,jazz,concert
224038722,music,jazz,concert
224041463,lesson,energy,healing
224043472,university,pm,center
224044455,music,bring,play
224044602,well,come,us
224047412,please,also,tickets
224048853,well,come,us
224054799,group,work,many
224055007,group,work,many
224064004,church,st,mass
224071825,dance,salsa,lesson
224072699,film,life,world
224073587,event,food,amp
224075612,pm,show,comedy
224075825,pm,show,comedy
224078820,amp,tour,cruise
224078862,amp,tour,cruise
224078946,amp,tour,cruise
224078991,amp,tour,cruise
224082169,class,free,pm
224083346,well,come,us
224084614,well,come,us
224091986,event,food,amp
224092005,event,food,amp
224092861,music,bring,play
224093126,music,bring,play
224095427,event,food,amp
224095996,well,come,us
224100799,church,st,mass
224101770,data,learn,talk
224105825,well,come,us
224106146,please,also,tickets
224109760,please,also,tickets
224119569,pm,show,comedy
224128785,data,learn,talk
224130289,well,come,us
224131189,pm,show,comedy
224133624,pm,show,comedy
224134620,data,learn,talk
224136441,happy,pm,hour
224136565,happy,pm,hour
224136597,happy,pm,hour
224136644,happy,pm,hour
224136667,happy,pm,hour
224141871,games,th,weekend
224146172,film,life,world
224149905,amp,tour,cruise
224150584,university,pm,center
224151018,film,life,world
224156291,us,games,sign
224158317,well,come,us
224165813,church,st,mass
224167603,please,also,tickets
224168509,film,life,world
224168541,film,life,world
224168575,lesson,energy,healing
224168591,music,bring,play
224168597,music,bring,play
224169313,film,life,world
224175620,class,beginners,yoga
224176626,park,august,free
224176641,film,life,world
224179527,us,event,community
224183045,university,pm,center
224183878,game,play,players
224184237,university,pm,center
224185571,event,food,amp
224187147,happy,pm,hour
224187177,well,come,us
224187298,park,outdoor,mall
224189968,church,st,mass
224189981,church,st,mass
224190000,church,st,mass
224190220,church,st,mass
224192667,please,may,come
224194870,skate,class,pm
224204561,data,learn,talk
224205397,amp,tour,cruise
224205611,happy,pm,hour
224206853,data,learn,talk
224207296,game,play,players
224207429,game,play,players
224207438,film,life,world
224207573,data,learn,talk
224207598,data,learn,talk
224207755,group,work,many
224207777,data,learn,talk
224207891,happy,pm,hour
224207929,us,event,community
224207943,us,event,community
224208034,data,learn,talk
224208417,church,st,mass
224212228,amp,tour,cruise
224212779,amp,tour,cruise
224213045,well,come,us
224213324,us,event,community
224213861,university,pm,center
224213884,film,life,world
224213980,film,life,world
224215941,well,come,us
224218035,us,event,community
224218875,film,life,world
224220990,lunch,pm,attend
224221031,lunch,pm,attend
224221187,data,learn,talk
224221328,happy,pm,hour
224223023,film,life,world
224223171,well,come,us
224223271,happy,pm,hour
224223381,happy,pm,hour
224223436,happy,pm,hour
224223457,happy,pm,hour
224228582,happy,pm,hour
224228738,happy,pm,hour
224240843,well,come,us
224241209,us,games,sign
224245303,please,may,come
224248573,pm,parking,meet
224249478,well,come,us
224249576,us,event,community
224251695,event,players,play
224252040,well,come,us
224254369,pm,show,comedy
224256626,pm,parking,meet
224256926,happy,pm,hour
224258634,well,come,us
224259555,park,august,free
224261079,well,come,us
224265510,film,life,world
224266735,group,work,many
224266780,please,may,come
224269782,film,life,world
224270298,film,life,world
224270324,film,life,world
224276238,please,may,come
224281840,park,outdoor,mall
224282270,please,also,tickets
224284504,film,life,world
224285734,please,also,tickets
224286462,please,may,come
224287265,music,bring,play
224289698,well,come,us
224290857,event,food,amp
224291019,event,food,amp
224300230,music,bring,play
224300263,well,come,us
224300347,event,players,play
224306868,data,learn,talk
224307150,park,august,free
224308735,please,may,come
224309244,data,learn,talk
224310101,well,come,us
224312140,university,pm,center
224312227,church,st,mass
224316971,lesson,energy,healing
224319829,data,learn,talk
224320058,please,also,tickets
224323147,please,may,come
224326115,dance,salsa,lesson
224326122,dance,salsa,lesson
224326139,dance,salsa,lesson
224331499,group,work,many
224332574,pm,show,comedy
224333623,pm,show,comedy
224333684,pm,show,comedy
224333700,pm,show,comedy
224334292,music,jazz,concert
224335144,park,august,free
224336392,amp,tour,cruise
224337591,amp,tour,cruise
224340168,pm,parking,meet
224340276,skate,class,pm
224340281,park,august,free
224348286,church,st,mass
224352068,pm,show,comedy
224352098,pm,show,comedy
224352142,pm,show,comedy
224355703,well,come,us
224356838,please,may,come
224357183,pm,show,comedy
224358273,lesson,energy,healing
224360666,well,come,us
224363043,well,come,us
224363550,film,life,world
224363707,church,st,mass
224363745,church,st,mass
224363809,park,outdoor,mall
224363926,park,outdoor,mall
224363971,church,st,mass
224364018,church,st,mass
224364077,park,outdoor,mall
224365215,event,food,amp
224365666,event,food,amp
224366025,film,life,world
224371951,park,outdoor,mall
224374595,event,food,amp
224375501,film,life,world
224375631,us,event,community
224377349,games,th,weekend
224377696,dance,salsa,lesson
224378735,film,life,world
224380273,well,come,us
224381986,pm,show,comedy
224383982,please,also,tickets
224384596,group,work,many
224385034,church,st,mass
224386430,please,also,tickets
224388296,church,st,mass
224389313,please,also,tickets
224390062,class,free,pm
224391412,please,also,tickets
224392015,happy,pm,hour
224392030,happy,pm,hour
224392391,music,bring,play
224398770,pm,show,comedy
224399406,please,also,tickets
224400739,pm,parking,meet
224401992,data,learn,talk
224403836,data,learn,talk
224405082,please,may,come
224411569,well,come,us
224416840,well,come,us
224417455,film,life,world
224422147,data,learn,talk
224422460,event,food,amp
224422563,well,come,us
224422929,please,may,come
224425377,class,free,pm
224426448,please,also,tickets
224430699,us,games,sign
224433396,amp,tour,cruise
224433564,amp,tour,cruise
224433652,amp,tour,cruise
224436452,music,bring,play
224440150,well,come,us
224440352,pm,parking,meet
224441342,pm,parking,meet
224441838,pm,parking,meet
224448033,well,come,us
224448821,data,learn,talk
224449537,pm,parking,meet
224450381,film,life,world
224450385,group,work,many
224450505,film,life,world
224450835,game,play,players
224451961,pm,show,comedy
224465418,games,th,weekend
224467382,us,event,community
224471881,class,beginners,yoga
224474352,well,come,us
224475110,church,st,mass
224475332,pm,parking,meet
224477760,lesson,energy,healing
224477801,park,august,free
224477923,pm,show,comedy
224477985,group,work,many
224477995,pm,show,comedy
224478354,pm,show,comedy
224478844,film,life,world
224481211,please,also,tickets
224481224,class,free,pm
224482279,pm,show,comedy
224482281,pm,show,comedy
224482299,pm,show,comedy
224492089,park,outdoor,mall
224499082,amp,tour,cruise
224499318,please,also,tickets
224502305,well,come,us
224511547,class,beginners,yoga
224511623,pm,parking,meet
224513918,lunch,pm,attend
224514152,well,come,us
224520456,pm,show,comedy
224521263,club,gear,course
224525148,dance,salsa,lesson
224525450,please,may,come
224527342,game,play,players
224527865,film,life,world
224527974,film,life,world
224528128,park,august,free
224529005,class,free,pm
224531007,please,also,tickets
224531545,group,work,many
224532897,group,work,many
224534567,well,come,us
224534972,pm,show,comedy
224537387,well,come,us
224538020,event,food,amp
224538279,us,event,community
224538587,well,come,us
224538641,music,bring,play
224539356,us,event,community
224539371,us,event,community
224539409,us,event,community
224539558,us,event,community
224539628,us,event,community
224539771,us,event,community
224539982,university,pm,center
224544644,pm,parking,meet
224544750,well,come,us
224546451,film,life,world
224546811,film,life,world
224547157,church,st,mass
224547198,well,come,us
224547416,dance,salsa,lesson
224548991,club,gear,course
224552538,church,st,mass
224559373,university,pm,center
224559694,data,learn,talk
224559734,park,outdoor,mall
224560002,music,jazz,concert
224561190,please,may,come
224561566,park,august,free
224564093,skate,class,pm
224566420,data,learn,talk
224569597,amp,tour,cruise
224573004,lesson,energy,healing
224573904,amp,tour,cruise
224581836,please,also,tickets
224583910,well,come,us
224584838,church,st,mass
224584892,church,st,mass
224584925,church,st,mass
224585856,university,pm,center
224589554,well,come,us
224590482,pm,show,comedy
224591687,well,come,us
224592256,group,work,many
224593223,lesson,energy,healing
224595296,well,come,us
224596961,class,beginners,yoga
224597928,please,also,tickets
224597977,well,come,us
224598242,group,work,many
224598641,music,jazz,concert
224599580,please,also,tickets
224599619,please,also,tickets
224601822,please,may,come
224606195,park,outdoor,mall
224606430,event,food,amp
224606838,well,come,us
224607959,us,games,sign
224609195,well,come,us
224609329,well,come,us
224610040,well,come,us
224610411,group,work,many
224612159,us,event,community
224612712,group,work,many
224616094,film,life,world
224617187,church,st,mass
224618264,park,august,free
224622867,lesson,energy,healing
224631184,data,learn,talk
224631814,game,play,players
224631944,well,come,us
224633879,lesson,energy,healing
224636791,class,free,pm
224637403,event,food,amp
224638330,well,come,us
224639169,please,may,come
224648306,please,also,tickets
224651792,university,pm,center
224652251,lesson,energy,healing
224653546,please,also,tickets
224656545,park,august,free
224657605,games,th,weekend
224660604,vegan,food,raw
224660634,us,games,sign
224661540,happy,pm,hour
224663225,film,life,world
224667019,church,st,mass
224667977,happy,pm,hour
224668069,pm,parking,meet
224668639,games,th,weekend
224672445,data,learn,talk
224673357,group,work,many
224673376,club,gear,course
224673412,group,work,many
224673498,dance,salsa,lesson
224676115,please,also,tickets
224678728,please,also,tickets
224682154,pm,parking,meet
224682684,church,st,mass
224682746,film,life,world
224683262,park,outdoor,mall
224687841,film,life,world
224687948,film,life,world
224687993,music,jazz,concert
224688659,data,learn,talk
224689198,park,outdoor,mall
224689447,class,free,pm
224690435,us,event,community
224690918,lesson,energy,healing
224691674,happy,pm,hour
224693216,pm,show,comedy
224693238,please,also,tickets
224695263,pm,show,comedy
224695599,pm,show,comedy
224695688,pm,show,comedy
224696961,park,outdoor,mall
224697085,church,st,mass
224697123,church,st,mass
224697255,church,st,mass
224709472,happy,pm,hour
224709559,happy,pm,hour
224709591,church,st,mass
224709625,church,st,mass
224709767,event,food,amp
224709858,group,work,many
224710840,park,august,free
224713520,music,jazz,concert
224713543,music,jazz,concert
224713903,university,pm,center
224714993,church,st,mass
224715449,well,come,us
224720565,well,come,us
224720912,group,work,many
224721405,skate,class,pm
224722564,university,pm,center
224723668,amp,tour,cruise
224723904,pm,parking,meet
224724354,games,th,weekend
224724359,well,come,us
224724377,data,learn,talk
224725025,us,event,community
224725060,us,event,community
224731812,church,st,mass
224738306,university,pm,center
224739005,pm,show,comedy
224739284,lesson,energy,healing
224739317,music,bring,play
224740923,well,come,us
224742337,please,also,tickets
224743318,class,free,pm
224743482,music,jazz,concert
224744340,data,learn,talk
224744383,data,learn,talk
224744401,well,come,us
224744431,data,learn,talk
224746324,music,bring,play
224750104,well,come,us
224750959,pm,show,comedy
224753510,church,st,mass
224754155,game,play,players
224754315,pm,parking,meet
224755361,please,may,come
224756654,event,food,amp
224757259,please,may,come
224757401,class,beginners,yoga
224761339,data,learn,talk
224761689,park,outdoor,mall
224761926,park,outdoor,mall
224762574,well,come,us
224762623,class,free,pm
224763404,well,come,us
224764601,dance,salsa,lesson
224765594,group,work,many
224767860,us,games,sign
224769182,music,bring,play
224770438,university,pm,center
224771520,film,life,world
224771608,film,life,world
224771727,game,play,players
224774566,please,may,come
224777453,film,life,world
224778909,university,pm,center
224783569,class,free,pm
224783604,class,free,pm
224788588,park,august,free
224791840,well,come,us
224794292,pm,show,comedy
224795452,church,st,mass
224796224,park,august,free
224803238,data,learn,talk
224804879,film,life,world
224806499,pm,parking,meet
224809728,event,food,amp
224810004,event,food,amp
224810298,event,food,amp
224810389,university,pm,center
224810471,group,work,many
224810550,club,gear,course
224812639,well,come,us
224814025,class,free,pm
224815943,film,life,world
224819080,game,play,players
224821439,event,food,amp
224823708,park,outdoor,mall
224824151,film,life,world
224825570,university,pm,center
224825837,pm,show,comedy
224827996,park,outdoor,mall
224829932,lesson,energy,healing
224832460,us,event,community
224837365,film,life,world
224839640,skate,class,pm
224840300,park,august,free
224840512,pm,parking,meet
224840833,lesson,energy,healing
224845511,church,st,mass
224845524,church,st,mass
224846191,well,come,us
224846303,class,beginners,yoga
224846326,class,beginners,yoga
224847567,pm,show,comedy
224847840,data,learn,talk
224848921,university,pm,center
224848924,park,outdoor,mall
224848990,park,outdoor,mall
224849458,university,pm,center
224849686,please,may,come
224850240,park,outdoor,mall
224851056,lunch,pm,attend
224851691,us,event,community
224851744,us,event,community
224851859,game,play,players
224855213,music,jazz,concert
224857507,film,life,world
224857605,film,life,world
224858218,pm,parking,meet
224858427,university,pm,center
224864715,church,st,mass
224867341,please,may,come
224867356,please,may,come
224878129,class,free,pm
224879205,event,food,amp
224879529,group,work,many
224881609,film,life,world
224885386,park,outdoor,mall
224888344,university,pm,center
224888695,lesson,energy,healing
224890347,pm,parking,meet
224890896,well,come,us
224892234,park,august,free
224894179,church,st,mass
224896394,class,beginners,yoga
224896600,vegan,food,raw
224897927,please,also,tickets
224897982,film,life,world
224898804,us,event,community
224899076,us,event,community
224899241,pm,parking,meet
224900331,church,st,mass
224900429,church,st,mass
224900479,music,jazz,concert
224900867,church,st,mass
224902007,church,st,mass
224902078,church,st,mass
224902700,lesson,energy,healing
224903197,event,food,amp
224903546,please,also,tickets
224905370,event,food,amp
224905454,event,food,amp
224905536,event,food,amp
224905603,well,come,us
224906512,class,free,pm
224907214,event,food,amp
224907256,class,beginners,yoga
224907963,pm,show,comedy
224908870,group,work,many
224910026,us,event,community
224914340,group,work,many
224917133,pm,parking,meet
224918200,pm,parking,meet
224921900,group,work,many
224922454,park,outdoor,mall
224922525,church,st,mass
224922550,park,outdoor,mall
224924851,lesson,energy,healing
224925215,amp,tour,cruise
224926476,well,come,us
224927268,music,jazz,concert
224929345,film,life,world
224929384,film,life,world
224934240,well,come,us
224939238,class,free,pm
224940693,please,may,come
224944686,university,pm,center
224947815,event,food,amp
224947948,park,outdoor,mall
224947979,church,st,mass
224948035,church,st,mass
224948088,park,outdoor,mall
224948646,well,come,us
224951025,pm,show,comedy
224951093,pm,show,comedy
224951486,game,play,players
224951679,pm,show,comedy
224951710,happy,pm,hour
224951772,happy,pm,hour
224951815,happy,pm,hour
224956762,group,work,many
224956780,group,work,many
224959104,class,free,pm
224962720,well,come,us
224963201,us,event,community
224966355,class,beginners,yoga
224967475,well,come,us
224969080,data,learn,talk
224969148,data,learn,talk
224969166,data,learn,talk
224969185,data,learn,talk
224969267,data,learn,talk
224975195,event,food,amp
224976990,us,event,community
224985353,please,also,tickets
224986622,park,august,free
224991295,well,come,us
224991413,well,come,us
224996667,game,play,players
224998521,data,learn,talk
224999426,event,players,play
224999953,church,st,mass
224999963,church,st,mass
225000056,please,may,come
225000143,please,may,come
225002824,park,august,free
225005066,film,life,world
225008436,university,pm,center
225009478,data,learn,talk
225009487,club,gear,course
225009756,church,st,mass
225009919,park,outdoor,mall
225009991,event,food,amp
225010035,park,august,free
225010307,group,work,many
225012724,please,also,tickets
225012915,us,event,community
225012948,church,st,mass
225013075,park,outdoor,mall
225015635,well,come,us
225016487,music,jazz,concert
225017476,church,st,mass
225018571,data,learn,talk
225019368,well,come,us
225020691,us,event,community
225020893,park,august,free
225021046,university,pm,center
225021050,lesson,energy,healing
225021096,skate,class,pm
225022185,well,come,us
225022624,data,learn,talk
225024680,please,also,tickets
225025074,data,learn,talk
225025320,data,learn,talk
225025331,church,st,mass
225027094,club,gear,course
225028874,event,food,amp
225029320,game,play,players
225029898,park,august,free
225031967,pm,parking,meet
225032090,church,st,mass
225036020,university,pm,center
225036997,games,th,weekend
225037776,university,pm,center
225038381,data,learn,talk
225041070,game,play,players
225042795,please,also,tickets
225044980,well,come,us
225048767,park,august,free
225049243,park,august,free
225049269,park,august,free
225049367,park,august,free
225052010,please,also,tickets
225055088,dance,salsa,lesson
225056759,event,food,amp
225058824,dance,salsa,lesson
225059352,group,work,many
225059468,please,may,come
225062121,university,pm,center
225063341,games,th,weekend
225063919,games,th,weekend
225064070,games,th,weekend
225065765,group,work,many
225066518,event,food,amp
225067536,well,come,us
225067694,film,life,world
225070865,event,food,amp
225073665,class,beginners,yoga
225075371,event,food,amp
225075961,music,bring,play
225077034,games,th,weekend
225077044,games,th,weekend
225077188,games,th,weekend
225080434,film,life,world
225080718,pm,show,comedy
225081448,university,pm,center
225081497,university,pm,center
225081607,park,august,free
225082361,pm,parking,meet
225091118,lesson,energy,healing
225092026,well,come,us
225092216,us,event,community
225093409,event,food,amp
225093838,well,come,us
225095675,dance,salsa,lesson
225097636,well,come,us
225097800,please,also,tickets
225106084,film,life,world
225107462,data,learn,talk
225107498,data,learn,talk
225107631,data,learn,talk
225107794,data,learn,talk
225111796,vegan,food,raw
225117559,music,jazz,concert
225117705,please,may,come
225118133,lesson,energy,healing
225119304,lunch,pm,attend
225119305,pm,show,comedy
225122106,event,players,play
225122696,class,free,pm
225122997,park,august,free
225123194,film,life,world
225126603,well,come,us
225126848,film,life,world
225127178,group,work,many
225127191,church,st,mass
225127256,music,bring,play
225127412,church,st,mass
225127437,church,st,mass
225127493,lunch,pm,attend
225127612,event,food,amp
225127798,event,food,amp
225127861,pm,parking,meet
225128945,music,bring,play
225129371,lunch,pm,attend
225132798,us,event,community
225137878,pm,show,comedy
225137958,please,also,tickets
225143774,well,come,us
225145613,group,work,many
225146383,well,come,us
225146436,well,come,us
225149620,well,come,us
225154283,well,come,us
225165501,lesson,energy,healing
225165580,amp,tour,cruise
225167888,university,pm,center
225172274,please,also,tickets
225173718,data,learn,talk
225173930,well,come,us
225176213,film,life,world
225182892,club,gear,course
225182910,group,work,many
225184363,event,food,amp
225184435,event,food,amp
225184537,park,outdoor,mall
225185219,amp,tour,cruise
225185379,amp,tour,cruise
225185597,us,event,community
225185618,us,event,community
225185692,us,event,community
225185722,us,event,community
225187613,us,games,sign
225190172,lunch,pm,attend
225190457,pm,show,comedy
225191061,please,also,tickets
225192000,event,food,amp
225192700,park,outdoor,mall
225195050,class,free,pm
225196697,please,may,come
225201404,data,learn,talk
225201528,us,event,community
225201622,us,event,community
225202225,pm,show,comedy
225202436,game,play,players
225202686,happy,pm,hour
225202847,park,outdoor,mall
225203168,well,come,us
225203217,vegan,food,raw
225203725,well,come,us
225204410,amp,tour,cruise
225204734,church,st,mass
225204757,church,st,mass
225207071,park,august,free
225210024,data,learn,talk
225210533,data,learn,talk
225213412,class,free,pm
225218452,data,learn,talk
225218839,well,come,us
225222031,pm,parking,meet
225223987,well,come,us
225228937,us,event,community
225229246,class,beginners,yoga
225230106,university,pm,center
225230495,games,th,weekend
225230731,games,th,weekend
225230778,games,th,weekend
225231578,university,pm,center
225233371,lesson,energy,healing
225233487,lesson,energy,healing
225236022,event,food,amp
225236319,well,come,us
225239795,film,life,world
225241536,university,pm,center
225241776,amp,tour,cruise
225242081,event,food,amp
225245840,lesson,energy,healing
225246584,well,come,us
225249562,please,may,come
225256316,event,food,amp
225257271,please,may,come
225259968,games,th,weekend
225260004,games,th,weekend
225260027,games,th,weekend
225262912,university,pm,center
225263087,well,come,us
225263445,well,come,us
225264988,university,pm,center
225267097,please,also,tickets
225268871,event,food,amp
225270508,music,jazz,concert
225280753,skate,class,pm
225285138,please,also,tickets
225285746,group,work,many
225285769,data,learn,talk
225285793,event,food,amp
225287354,data,learn,talk
225287731,park,august,free
225289299,happy,pm,hour
225293928,class,free,pm
225293941,please,may,come
225294714,please,may,come
225302832,lesson,energy,healing
225302849,lesson,energy,healing
225303956,well,come,us
225305939,group,work,many
225305962,club,gear,course
225306153,event,food,amp
225306414,pm,show,comedy
225307472,well,come,us
225311064,film,life,world
225316151,us,event,community
225316185,game,play,players
225322297,data,learn,talk
225324744,game,play,players
225326841,park,august,free
225328253,church,st,mass
225333965,park,outdoor,mall
225334468,vegan,food,raw
225334504,games,th,weekend
225335146,vegan,food,raw
225335548,pm,parking,meet
225338044,music,jazz,concert
225341727,university,pm,center
225341892,church,st,mass
225341940,data,learn,talk
225342325,park,outdoor,mall
225342457,park,outdoor,mall
225342727,happy,pm,hour
225344418,university,pm,center
225347428,film,life,world
225355303,lunch,pm,attend
225355977,event,players,play
225355994,event,players,play
225356307,data,learn,talk
225356492,data,learn,talk
225356495,data,learn,talk
225357231,university,pm,center
225357854,data,learn,talk
225359158,park,outdoor,mall
225359482,pm,show,comedy
225359953,happy,pm,hour
225360211,well,come,us
225360546,happy,pm,hour
225361019,pm,parking,meet
225362501,film,life,world
225362686,us,event,community
225362829,please,may,come
225363003,please,also,tickets
225363942,event,food,amp
225367630,us,event,community
225367693,pm,show,comedy
225370535,amp,tour,cruise
225371561,well,come,us
225371606,well,come,us
225372088,amp,tour,cruise
225372832,film,life,world
225375548,lesson,energy,healing
225376683,class,free,pm
225376837,us,event,community
225381781,well,come,us
225383617,event,food,amp
225383793,vegan,food,raw
225385000,skate,class,pm
225385990,us,event,community
225386009,event,food,amp
225386873,group,work,many
225387203,event,food,amp
225387990,please,also,tickets
225391769,film,life,world
225392438,please,may,come
225393225,church,st,mass
225393246,pm,parking,meet
225393344,event,food,amp
225399626,game,play,players
225406338,well,come,us
225406524,please,also,tickets
225406639,university,pm,center
225407104,event,food,amp
225407917,park,august,free
225411671,group,work,many
225414113,church,st,mass
225420520,game,play,players
225423436,lesson,energy,healing
225423447,lunch,pm,attend
225423460,lesson,energy,healing
225424709,film,life,world
225425699,us,event,community
225427713,group,work,many
225429736,well,come,us
225434012,data,learn,talk
225435291,group,work,many
225436968,well,come,us
225437296,lesson,energy,healing
225439910,please,may,come
225443315,film,life,world
225443377,game,play,players
225443764,film,life,world
225444235,university,pm,center
225444369,data,learn,talk
225444438,data,learn,talk
225444704,university,pm,center
225444770,event,food,amp
225445507,event,players,play
225446195,lesson,energy,healing
225446328,film,life,world
225446739,skate,class,pm
225446878,film,life,world
225451311,data,learn,talk
225451601,well,come,us
225453025,dance,salsa,lesson
225453061,event,food,amp
225454940,please,may,come
225467710,games,th,weekend
225467818,film,life,world
225467853,film,life,world
225468783,class,beginners,yoga
225470285,class,free,pm
225471816,group,work,many
225471829,music,bring,play
225472625,university,pm,center
225472725,university,pm,center
225472876,music,jazz,concert
225472892,music,jazz,concert
225480207,park,august,free
225480228,park,august,free
225480243,park,august,free
225487548,film,life,world
225487958,church,st,mass
225488383,pm,parking,meet
225496599,lesson,energy,healing
225497096,park,august,free
225497459,well,come,us
225498362,games,th,weekend
225498561,university,pm,center
225498949,event,food,amp
225500341,well,come,us
225507080,park,august,free
225507913,film,life,world
225508959,lunch,pm,attend
225509801,well,come,us
225510573,university,pm,center
225510602,lunch,pm,attend
225512455,event,food,amp
225512679,data,learn,talk
225512983,amp,tour,cruise
225513402,class,beginners,yoga
225514101,lunch,pm,attend
225514280,pm,show,comedy
225514547,amp,tour,cruise
225515778,park,august,free
225515955,church,st,mass
225518262,please,also,tickets
225518840,class,beginners,yoga
225519252,university,pm,center
225520432,data,learn,talk
225521404,please,also,tickets
225522334,please,also,tickets
225523114,event,food,amp
225523217,event,food,amp
225523337,event,food,amp
225523755,us,games,sign
225523852,university,pm,center
225524000,group,work,many
225525184,club,gear,course
225526992,park,august,free
225528227,please,may,come
225529664,data,learn,talk
225530614,film,life,world
225532922,well,come,us
225533665,university,pm,center
225535401,well,come,us
225535519,club,gear,course
225535854,event,food,amp
225537488,group,work,many
225540230,well,come,us
225541022,happy,pm,hour
225541685,music,jazz,concert
225541788,music,jazz,concert
225543087,film,life,world
225544376,music,jazz,concert
225544637,well,come,us
225544661,lunch,pm,attend
225545992,university,pm,center
225548453,well,come,us
225555530,music,jazz,concert
225558118,pm,parking,meet
225558970,class,free,pm
225559012,data,learn,talk
225561456,well,come,us
225561472,well,come,us
225561486,well,come,us
225561517,well,come,us
225561529,well,come,us
225562079,please,also,tickets
225562286,film,life,world
225562477,event,food,amp
225562551,university,pm,center
225562930,please,also,tickets
225563094,park,august,free
225563262,park,august,free
225567066,park,august,free
225567102,well,come,us
225567184,us,event,community
225576594,park,august,free
225576681,university,pm,center
225582301,park,outdoor,mall
225582571,data,learn,talk
225582771,university,pm,center
225583188,data,learn,talk
225585446,park,outdoor,mall
225587273,well,come,us
225588061,lesson,energy,healing
225590025,music,jazz,concert
225590059,us,event,community
225590114,data,learn,talk
225590134,film,life,world
225590149,game,play,players
225590200,park,august,free
225590336,lesson,energy,healing
225590497,film,life,world
225591928,data,learn,talk
225593428,dance,salsa,lesson
225595819,park,outdoor,mall
225597638,church,st,mass
225597771,church,st,mass
225597811,church,st,mass
225598674,park,august,free
225598976,group,work,many
225600782,data,learn,talk
225604181,please,may,come
225607468,park,outdoor,mall
225618205,lesson,energy,healing
225623640,park,outdoor,mall
225625555,well,come,us
225628673,church,st,mass
225629160,park,august,free
225630196,well,come,us
225631238,film,life,world
225631439,film,life,world
225636149,university,pm,center
225641016,amp,tour,cruise
225641547,amp,tour,cruise
225641939,amp,tour,cruise
225642042,amp,tour,cruise
225642530,please,also,tickets
225649983,class,beginners,yoga
225650680,pm,parking,meet
225650850,please,also,tickets
225655297,happy,pm,hour
225656620,music,bring,play
225657431,data,learn,talk
225657614,pm,parking,meet
225659829,park,august,free
225659866,park,august,free
225659896,park,august,free
225660720,well,come,us
225662711,happy,pm,hour
225662749,lesson,energy,healing
225664304,well,come,us
225664311,event,food,amp
225665180,church,st,mass
225665225,church,st,mass
225665247,church,st,mass
225669389,data,learn,talk
225669460,music,jazz,concert
225669499,university,pm,center
225671082,game,play,players
225671549,skate,class,pm
225676020,well,come,us
225676583,happy,pm,hour
225676749,game,play,players
225678320,club,gear,course
225680708,happy,pm,hour
225680751,happy,pm,hour
225681064,happy,pm,hour
225681768,pm,show,comedy
225682070,pm,show,comedy
225682347,pm,show,comedy
225683052,pm,show,comedy
225683109,pm,show,comedy
225683162,pm,show,comedy
225683222,film,life,world
225684424,pm,show,comedy
225685468,well,come,us
225685758,vegan,food,raw
225685847,vegan,food,raw
225685923,vegan,food,raw
225685931,event,food,amp
225686023,us,games,sign
225686182,vegan,food,raw
225686656,vegan,food,raw
225686774,vegan,food,raw
225687122,data,learn,talk
225691889,please,may,come
225699351,well,come,us
225702518,pm,parking,meet
225703806,well,come,us
225707943,pm,parking,meet
225708885,well,come,us
225710407,data,learn,talk
225711026,well,come,us
225712107,film,life,world
225712938,well,come,us
225713875,class,beginners,yoga
225714033,film,life,world
225714202,pm,show,comedy
225714306,data,learn,talk
225714539,event,food,amp
225714812,group,work,many
225714886,data,learn,talk
225715731,well,come,us
225716914,music,bring,play
225723480,data,learn,talk
225730442,please,also,tickets
225732646,well,come,us
225736218,please,may,come
225738505,event,players,play
225740109,well,come,us
225742365,group,work,many
225743298,film,life,world
225744010,park,outdoor,mall
225752413,data,learn,talk
225754646,well,come,us
225757327,us,event,community
225758215,church,st,mass
225759190,well,come,us
225760994,event,food,amp
225761089,event,food,amp
225761465,event,food,amp
225762189,university,pm,center
225763888,class,free,pm
225768229,music,jazz,concert
225770543,well,come,us
225772140,please,also,tickets
225772259,please,also,tickets
225775357,park,outdoor,mall
225775709,park,outdoor,mall
225776644,well,come,us
225778402,class,free,pm
225779515,us,event,community
225781962,film,life,world
225801282,film,life,world
225801561,church,st,mass
225802468,us,event,community
225804081,group,work,many
225806601,well,come,us
225808030,pm,parking,meet
225808057,film,life,world
225808520,us,event,community
225808672,us,event,community
225809090,park,august,free
225821622,group,work,many
225823583,pm,parking,meet
225823603,pm,parking,meet
225823650,pm,parking,meet
225823724,pm,parking,meet
225823906,pm,parking,meet
225824021,pm,parking,meet
225824149,pm,parking,meet
225825453,film,life,world
225826350,event,food,amp
225827083,please,also,tickets
225827166,please,may,come
225827221,please,may,come
225831586,well,come,us
225832113,us,games,sign
225836689,music,bring,play
225837244,vegan,food,raw
225840902,university,pm,center
225841698,music,jazz,concert
225842566,park,outdoor,mall
225843612,pm,show,comedy
225845303,data,learn,talk
225847847,pm,show,comedy
225848451,game,play,players
225849396,data,learn,talk
225850236,university,pm,center
225853434,pm,parking,meet
225853566,pm,parking,meet
225853595,pm,parking,meet
225853654,pm,parking,meet
225853677,pm,parking,meet
225855177,university,pm,center
225855387,university,pm,center
225856804,please,may,come
225856888,church,st,mass
225856965,event,food,amp
225858788,game,play,players
225862239,happy,pm,hour
225862263,happy,pm,hour
225862291,happy,pm,hour
225862429,happy,pm,hour
225862576,happy,pm,hour
225862922,park,august,free
225863505,please,may,come
225863622,us,event,community
225867733,university,pm,center
225870981,well,come,us
225871208,group,work,many
225871890,film,life,world
225873165,us,games,sign
225873262,well,come,us
225874247,data,learn,talk
225879382,pm,parking,meet
225888026,please,also,tickets
225888871,park,august,free
225893496,game,play,players
225894817,music,bring,play
225896530,data,learn,talk
225896549,university,pm,center
225897559,film,life,world
225897877,event,food,amp
225897925,club,gear,course
225898248,pm,parking,meet
225898677,music,jazz,concert
225898783,music,jazz,concert
225900851,data,learn,talk
225900943,university,pm,center
225903670,group,work,many
225906327,music,jazz,concert
225906353,music,jazz,concert
225909493,us,event,community
225912671,class,beginners,yoga
225913335,well,come,us
225921106,well,come,us
225921937,data,learn,talk
225922689,data,learn,talk
225923113,group,work,many
225923213,data,learn,talk
225923831,please,may,come
225924344,please,may,come
225925395,please,may,come
225925450,please,may,come
225927847,lesson,energy,healing
225928468,lesson,energy,healing
225929002,lesson,energy,healing
225929128,class,free,pm
225932024,university,pm,center
225940124,pm,parking,meet
225940262,class,free,pm
225940279,please,also,tickets
225943499,university,pm,center
225948449,skate,class,pm
225950775,university,pm,center
225953040,university,pm,center
225953277,data,learn,talk
225954901,well,come,us
225956361,happy,pm,hour
225961734,church,st,mass
225962259,group,work,many
225965835,church,st,mass
225965939,please,also,tickets
225966027,data,learn,talk
225966089,data,learn,talk
225970829,university,pm,center
225972204,group,work,many
225973005,please,may,come
225976633,game,play,players
225976985,data,learn,talk
225986139,film,life,world
225986699,film,life,world
225987319,well,come,us
225987365,well,come,us
225987381,well,come,us
225987389,well,come,us
225987425,well,come,us
225987672,well,come,us
225988956,well,come,us
225989376,film,life,world
225990238,group,work,many
225990254,pm,parking,meet
225990264,pm,parking,meet
225990308,well,come,us
225990545,pm,parking,meet
225993394,well,come,us
225993734,class,free,pm
225993886,happy,pm,hour
225995418,church,st,mass
225995438,church,st,mass
225995451,church,st,mass
225996471,well,come,us
225996772,lesson,energy,healing
225997617,park,outdoor,mall
225998675,pm,parking,meet
225998891,university,pm,center
226002368,data,learn,talk
226002618,park,outdoor,mall
226004032,event,food,amp
226004303,well,come,us
226004520,game,play,players
226005115,park,august,free
226006402,park,august,free
226007831,us,games,sign
226007874,university,pm,center
226009288,club,gear,course
226009571,data,learn,talk
226009684,lunch,pm,attend
226009719,lunch,pm,attend
226009981,university,pm,center
226010256,church,st,mass
226010316,church,st,mass
226011868,data,learn,talk
226012172,well,come,us
226014581,us,games,sign
226015123,happy,pm,hour
226016229,us,event,community
226017146,event,food,amp
226017355,vegan,food,raw
226017409,vegan,food,raw
226017471,vegan,food,raw
226019862,lesson,energy,healing
226021751,well,come,us
226021977,pm,parking,meet
226022006,please,may,come
226026951,church,st,mass
226028443,data,learn,talk
226028648,film,life,world
226029250,well,come,us
226029857,us,event,community
226030822,film,life,world
226031414,film,life,world
226032225,game,play,players
226033189,group,work,many
226033357,event,food,amp
226044348,music,jazz,concert
226044365,lunch,pm,attend
226048342,event,food,amp
226058129,us,games,sign
226058287,well,come,us
226058298,well,come,us
226058412,well,come,us
226059089,data,learn,talk
226064085,group,work,many
226064161,music,jazz,concert
226064918,game,play,players
226067253,film,life,world
226070977,music,jazz,concert
226072092,group,work,many
226072277,group,work,many
226079401,pm,parking,meet
226080358,data,learn,talk
226081642,park,outdoor,mall
226083244,lunch,pm,attend
226083856,event,food,amp
226084009,event,food,amp
226085553,well,come,us
226087314,church,st,mass
226089295,dance,salsa,lesson
226090574,event,food,amp
226092148,class,free,pm
226093363,film,life,world
226094765,event,food,amp
226098715,well,come,us
226101780,university,pm,center
226104815,film,life,world
226109323,event,food,amp
226110199,church,st,mass
226110835,well,come,us
226113451,please,may,come
226118252,please,may,come
226119727,please,also,tickets
226123553,music,jazz,concert
226123884,pm,show,comedy
226125804,film,life,world
226126371,well,come,us
226128333,group,work,many
226128343,music,bring,play
226133736,pm,parking,meet
226137260,music,bring,play
226138272,university,pm,center
226140730,dance,salsa,lesson
226141122,well,come,us
226142186,game,play,players
226143346,music,jazz,concert
226144605,film,life,world
226150863,well,come,us
226153554,well,come,us
226157908,university,pm,center
226158222,park,outdoor,mall
226164125,well,come,us
226164207,pm,parking,meet
226167151,well,come,us
226167424,well,come,us
226167690,well,come,us
226169145,lesson,energy,healing
226171264,music,bring,play
226171558,university,pm,center
226172779,well,come,us
226173610,please,may,come
226174978,pm,parking,meet
226177959,park,august,free
226178037,park,august,free
226182387,film,life,world
226182435,music,jazz,concert
226182472,music,jazz,concert
226183535,university,pm,center
226185433,please,may,come
226186496,film,life,world
226186901,film,life,world
226187951,club,gear,course
226188616,please,may,come
226188755,university,pm,center
226193450,film,life,world
226198468,university,pm,center
226198813,us,event,community
226202900,please,also,tickets
226205567,music,jazz,concert
226211773,skate,class,pm
226212274,well,come,us
226216070,us,event,community
226217767,church,st,mass
226219418,music,bring,play
226219869,university,pm,center
226223145,pm,show,comedy
226223684,please,also,tickets
226224266,us,games,sign
226224531,well,come,us
226225019,group,work,many
226227223,film,life,world
226228901,data,learn,talk
226234477,game,play,players
226235655,pm,parking,meet
226236667,university,pm,center
226237604,well,come,us
226239866,pm,show,comedy
226240167,us,event,community
226240578,pm,show,comedy
226240737,pm,show,comedy
226241202,us,games,sign
226241230,university,pm,center
226241727,pm,parking,meet
226242075,university,pm,center
226244840,group,work,many
226245821,amp,tour,cruise
226245942,amp,tour,cruise
226250957,film,life,world
226251228,film,life,world
226252324,well,come,us
226252405,amp,tour,cruise
226252461,amp,tour,cruise
226257228,pm,parking,meet
226258277,university,pm,center
226258564,film,life,world
226258587,film,life,world
226262979,class,free,pm
226266716,group,work,many
226282783,class,free,pm
226282896,class,free,pm
226282935,class,free,pm
226283663,please,also,tickets
226289300,lesson,energy,healing
226296451,church,st,mass
226297410,well,come,us
226297429,well,come,us
226297448,well,come,us
226301545,group,work,many
226301919,event,food,amp
226305366,park,outdoor,mall
226306539,class,free,pm
226308540,data,learn,talk
226310664,church,st,mass
226314371,class,free,pm
226314514,class,free,pm
226315281,park,outdoor,mall
226316056,park,outdoor,mall
226317895,lesson,energy,healing
226318501,well,come,us
226319434,data,learn,talk
226319466,well,come,us
226319638,class,free,pm
226320619,data,learn,talk
226320654,happy,pm,hour
226322757,data,learn,talk
226322961,data,learn,talk
226323031,data,learn,talk
226323085,data,learn,talk
226324492,data,learn,talk
226324518,university,pm,center
226324550,amp,tour,cruise
226324580,vegan,food,raw
226324609,us,event,community
226324636,park,outdoor,mall
226324685,university,pm,center
226326792,data,learn,talk
226327482,church,st,mass
226330282,music,jazz,concert
226332656,group,work,many
226333334,church,st,mass
226333374,church,st,mass
226333438,church,st,mass
226333475,well,come,us
226336736,event,food,amp
226337018,event,food,amp
226340254,music,bring,play
226343176,music,jazz,concert
226343653,club,gear,course
226343680,group,work,many
226344371,data,learn,talk
226344995,well,come,us
226347607,university,pm,center
226350884,well,come,us
226356420,data,learn,talk
226356568,please,may,come
226360398,please,also,tickets
226361197,well,come,us
226362134,pm,show,comedy
226362421,group,work,many
226362595,pm,show,comedy
226363299,please,also,tickets
226363347,please,also,tickets
226364370,vegan,food,raw
226364412,vegan,food,raw
226370685,data,learn,talk
226370759,data,learn,talk
226371193,pm,parking,meet
226371688,lunch,pm,attend
226375884,pm,show,comedy
226376648,film,life,world
226379477,data,learn,talk
226380141,event,food,amp
226380407,well,come,us
226382538,vegan,food,raw
226382790,well,come,us
226384016,data,learn,talk
226385621,group,work,many
226387033,pm,parking,meet
226387873,please,may,come
226389629,happy,pm,hour
226389767,lunch,pm,attend
226390187,vegan,food,raw
226394288,park,outdoor,mall
226394406,university,pm,center
226395952,data,learn,talk
226396873,film,life,world
226397722,data,learn,talk
226400113,film,life,world
226400251,data,learn,talk
226402735,data,learn,talk
226402757,data,learn,talk
226402773,data,learn,talk
226403742,music,jazz,concert
226403970,music,jazz,concert
226404129,well,come,us
226406929,us,games,sign
226409911,game,play,players
226412230,games,th,weekend
226413545,pm,parking,meet
226414746,happy,pm,hour
226417029,data,learn,talk
226419268,class,beginners,yoga
226419445,pm,parking,meet
226419930,well,come,us
226421430,data,learn,talk
226422838,well,come,us
226423670,data,learn,talk
226424622,happy,pm,hour
226424678,happy,pm,hour
226424706,happy,pm,hour
226424736,happy,pm,hour
226424761,happy,pm,hour
226425033,happy,pm,hour
226425100,happy,pm,hour
226426458,music,jazz,concert
226426486,university,pm,center
226426708,lesson,energy,healing
226426915,happy,pm,hour
226430555,please,also,tickets
226430948,group,work,many
226431032,please,also,tickets
226435244,pm,parking,meet
226435327,pm,parking,meet
226441904,group,work,many
226444426,amp,tour,cruise
226446486,well,come,us
226448161,well,come,us
226450688,well,come,us
226458482,please,may,come
226458506,group,work,many
226458545,please,may,come
226462023,well,come,us
226462065,well,come,us
226462088,well,come,us
226467102,event,food,amp
226471708,well,come,us
226471802,pm,parking,meet
226475634,lesson,energy,healing
226482365,park,outdoor,mall
226484341,well,come,us
226487735,well,come,us
226489277,us,event,community
226491600,lesson,energy,healing
226491696,lesson,energy,healing
226491938,lesson,energy,healing
226492191,us,event,community
226492499,us,event,community
226492634,park,outdoor,mall
226492666,well,come,us
226492771,lesson,energy,healing
226493139,lesson,energy,healing
226493322,lesson,energy,healing
226493605,music,jazz,concert
226494785,music,bring,play
226495487,pm,show,comedy
226495777,well,come,us
226495818,please,may,come
226497889,well,come,us
226497902,well,come,us
226497931,well,come,us
226498134,well,come,us
226498425,well,come,us
226498448,well,come,us
226502909,game,play,players
226508821,university,pm,center
226508867,university,pm,center
226508968,film,life,world
226510344,church,st,mass
226512997,park,august,free
226513384,park,august,free
226513435,please,also,tickets
226514018,game,play,players
226516175,data,learn,talk
226519057,lesson,energy,healing
226521572,data,learn,talk
226521895,group,work,many
226521969,happy,pm,hour
226531428,film,life,world
226531649,class,free,pm
226531674,film,life,world
226534119,skate,class,pm
226536142,amp,tour,cruise
226538830,film,life,world
226538902,please,may,come
226539149,please,may,come
226539361,skate,class,pm
226539390,lesson,energy,healing
226541541,pm,show,comedy
226541727,please,also,tickets
226542004,pm,show,comedy
226542311,group,work,many
226545886,film,life,world
226549845,park,outdoor,mall
226552274,pm,parking,meet
226552469,pm,parking,meet
226554761,university,pm,center
226562520,film,life,world
226562787,music,jazz,concert
226562907,music,jazz,concert
226562981,university,pm,center
226567657,game,play,players
226572897,park,outdoor,mall
226575755,lesson,energy,healing
226577137,lesson,energy,healing
226582562,film,life,world
226582745,film,life,world
226589980,pm,show,comedy
226594239,lesson,energy,healing
226594604,class,free,pm
226595390,group,work,many
226599448,please,may,come
226611846,well,come,us
226617092,university,pm,center
226622768,game,play,players
226623027,lesson,energy,healing
226624379,film,life,world
226634527,well,come,us
226636854,well,come,us
226637413,music,jazz,concert
226640039,pm,parking,meet
226641818,dance,salsa,lesson
226642254,class,beginners,yoga
226643978,data,learn,talk
226648235,happy,pm,hour
226651998,park,outdoor,mall
226653629,well,come,us
226656364,data,learn,talk
226657560,pm,show,comedy
226658617,amp,tour,cruise
226659004,music,bring,play
226661118,pm,show,comedy
226665594,group,work,many
226666564,club,gear,course
226668010,dance,salsa,lesson
226680344,church,st,mass
226687157,well,come,us
226687182,well,come,us
226687644,well,come,us
226687671,well,come,us
226687695,well,come,us
226688327,lesson,energy,healing
226691153,please,also,tickets
226691319,church,st,mass
226691547,class,beginners,yoga
226691922,lesson,energy,healing
226695410,class,free,pm
226697139,park,outdoor,mall
226700048,data,learn,talk
226701236,well,come,us
226701277,film,life,world
226701380,please,also,tickets
226705534,group,work,many
226706906,church,st,mass
226710619,data,learn,talk
226710649,data,learn,talk
226710699,data,learn,talk
226710743,data,learn,talk
226712391,pm,parking,meet
226713181,class,free,pm
226713383,well,come,us
226715808,amp,tour,cruise
226717319,data,learn,talk
226717550,well,come,us
226719624,please,also,tickets
226724162,happy,pm,hour
226725033,lesson,energy,healing
226726545,us,event,community
226728612,please,also,tickets
226732837,well,come,us
226734421,data,learn,talk
226735176,university,pm,center
226739385,games,th,weekend
226744225,pm,parking,meet
226747896,data,learn,talk
226750058,pm,show,comedy
226753786,event,food,amp
226754592,data,learn,talk
226761011,group,work,many
226766230,please,may,come
226771699,park,august,free
226772733,lesson,energy,healing
226778600,university,pm,center
226778706,university,pm,center
226780757,pm,show,comedy
226783763,game,play,players
226794118,please,also,tickets
226801305,university,pm,center
226803067,game,play,players
226803120,park,outdoor,mall
226804384,us,event,community
226812074,well,come,us
226812636,group,work,many
226813076,please,may,come
226823194,group,work,many
226824112,class,free,pm
226828352,happy,pm,hour
226829627,pm,parking,meet
226835208,park,august,free
226835913,well,come,us
226836079,pm,show,comedy
226837929,game,play,players
226847117,well,come,us
226849609,please,may,come
226853006,pm,show,comedy
226857745,church,st,mass
226861394,game,play,players
226864305,pm,parking,meet
226865494,event,food,amp
226865589,music,jazz,concert
226865676,event,food,amp
226869884,club,gear,course
226882691,happy,pm,hour
226886246,well,come,us
226886736,event,food,amp
226900711,music,bring,play
226907456,happy,pm,hour
226907570,happy,pm,hour
226907629,happy,pm,hour
226909367,us,event,community
226909386,group,work,many
226914422,film,life,world
226916013,university,pm,center
226918483,group,work,many
226918644,pm,show,comedy
226932364,class,free,pm
226941051,lesson,energy,healing
226952901,event,food,amp
226952939,event,food,amp
226957733,us,games,sign
226980359,pm,parking,meet
227004804,pm,parking,meet
227014681,group,work,many
227014906,well,come,us
227014957,well,come,us
227024317,film,life,world
227027634,group,work,many
bglshlytlbjc,park,outdoor,mall
bglshlytlbqb,park,outdoor,mall
bglshlytlbzb,park,outdoor,mall
bglshlytmbfc,park,outdoor,mall
bglshlytmbmb,park,outdoor,mall
bglshlytmbvb,park,outdoor,mall
bgpdklytmbmb,music,bring,play
bgpdklytnbsb,music,bring,play
bgpdklytpbpb,music,bring,play
bklfhlythblc,lesson,energy,healing
bkvcllytmbmc,event,players,play
bkvcllytnbbc,event,players,play
bkvcllytnbjb,event,players,play
bkvcllytnbkc,event,players,play
bkvcllytnbrb,event,players,play
bmhdnytmbmb,data,learn,talk
bmrthlytlbkc,us,event,community
bmrthlytmbgc,us,event,community
bmrthlytnbdc,us,event,community
brdjklytnbcc,class,free,pm
brdjklytnblc,class,free,pm
bttgglytlbdb,skate,class,pm
bttgglytlbmb,skate,class,pm
bttgglytlbnc,skate,class,pm
bttgglytlbvb,skate,class,pm
bttgglytmbjb,skate,class,pm
bttgglytnbpb,skate,class,pm
bttgglytpbdc,skate,class,pm
bttgglytpblb,skate,class,pm
bttgglytpbmc,skate,class,pm
bttgglytpbtb,skate,class,pm
bvskklytmbnb,class,beginners,yoga
bwdrllytpbfb,pm,show,comedy
bxdrglytlbzb,music,bring,play
bxgcllytnbgc,game,play,players
bxgcllytnbnb,game,play,players
bxgcllytnbwb,game,play,players
cfzqllytnblc,church,st,mass
cfzqllytpbgb,church,st,mass
cfzqllytpbhc,church,st,mass
cfzqllytpbpb,church,st,mass
cfzqllytpbxb,church,st,mass
chhmklytmbvb,club,gear,course
dcgcklytmbcb,pm,show,comedy
dcgcklytnbjb,pm,show,comedy
dcgcklytpbfb,pm,show,comedy
dcjqklytnbtb,lesson,energy,healing
dcjqklytpbqb,music,bring,play
dcrjzdytmbfc,data,learn,talk
ddrbcdytlbrb,lunch,pm,attend
ddrgklytmbfc,class,free,pm
ddrgklytmblc,class,free,pm
ddrgklytmbsb,class,free,pm
ddrgklytnbhb,class,free,pm
ddrgklytnbsb,class,free,pm
ddstllytpbpb,class,beginners,yoga
dfdgqcytlbdb,park,august,free
dfdgqcytmbjb,park,august,free
dfdgqcytnbgb,park,august,free
dfdgqcytpbcb,park,august,free
dfhfrfytlbrb,pm,show,comedy
dfhfrfytmbnb,church,st,mass
dfhfrfytnblb,us,event,community
dfhfrfytpbqb,data,learn,talk
dfphjjytlbcc,game,play,players
dfwrmcytlbdb,us,games,sign
dfwrmcytlbfc,us,games,sign
dfwrmcytlbmb,us,games,sign
dfwrmcytlbnc,us,games,sign
dfwrmcytmbbc,us,games,sign
dfwrmcytmbjb,us,games,sign
dfwrmcytmbkc,us,games,sign
dfwrmcytmbrb,us,games,sign
dfwrmcytnbgb,us,games,sign
dfwrmcytnbhc,us,games,sign
dfwrmcytnbpb,us,games,sign
dfwrmcytnbxb,us,games,sign
dfwrmcytpbcb,us,games,sign
dfwrmcytpbdc,us,games,sign
dfwrmcytpblb,us,games,sign
dfwrmcytpbmc,us,games,sign
dfwrmcytpbtb,us,games,sign
dfxjflytlbdc,club,gear,course
dfxjflytmbjc,club,gear,course
dfxjflytnbgc,club,gear,course
dfxjflytpblc,club,gear,course
dggnphytlbbc,data,learn,talk
dhhqvjytmbgc,dance,salsa,lesson
dhhqvjytnbcb,dance,salsa,lesson
dhhqvjytnblb,dance,salsa,lesson
dhhqvjytnbtb,dance,salsa,lesson
dhhqvjytpbhb,dance,salsa,lesson
djnxklytmbdc,event,players,play
djprrjytpbfc,class,beginners,yoga
dmtdzgytlblb,club,gear,course
dmtdzgytmbqb,club,gear,course
dmtdzgytnbnb,club,gear,course
dmtdzgytpbsb,club,gear,course
dmvkhdytlbxb,data,learn,talk
dnccsgytlbhb,us,event,community
dnccsgytmbdb,us,event,community
dnccsgytnbkb,us,event,community
dnccsgytpbgb,us,event,community
dnhfsjytlbbc,dance,salsa,lesson
dnhfsjytlbjb,dance,salsa,lesson
dnhfsjytlbrb,dance,salsa,lesson
dnhfsjytmbnb,dance,salsa,lesson
dnhfsjytnbcb,dance,salsa,lesson
dnhfsjytnbdc,dance,salsa,lesson
dnhfsjytnbmc,dance,salsa,lesson
dnhfsjytnbtb,dance,salsa,lesson
dnhfsjytpbhb,dance,salsa,lesson
dpdnnkytnbfb,please,also,tickets
dphxmcytlblb,lesson,energy,healing
dphxmcytmbqb,lesson,energy,healing
dphxmcytmbzb,lesson,energy,healing
dpkhzgytmbtb,event,players,play
dpxfhlytlbxb,games,th,weekend
dpxfhlytmbtb,games,th,weekend
dqgrjlytlbmc,games,th,weekend
dqgrjlytmbqb,class,free,pm
drdjlfytlbxb,film,life,world
drdjlfytmbtb,film,life,world
drdjlfytnbbc,film,life,world
drdjlfytpbwb,film,life,world
dsgsgkytlbdc,park,august,free
dsjvhhytlbjc,film,life,world
dsjvhhytmbfc,film,life,world
dsjvhhytnblc,film,life,world
dsjvhhytpbhc,film,life,world
dsnpzjytlbjc,us,games,sign
dsnpzjytlbqb,us,games,sign
dsnpzjytmbfc,us,games,sign
dsnpzjytmbmb,us,games,sign
dsnpzjytnbcc,us,games,sign
dsnpzjytnbkb,us,games,sign
dsnpzjytpbgb,us,games,sign
dsrrklytmbbc,skate,class,pm
dsrrklytmbkc,skate,class,pm
dsrrklytmbrb,skate,class,pm
dsrrklytnbgb,skate,class,pm
dsrrklytnbhc,skate,class,pm
dsrrklytnbpb,skate,class,pm
dsrrklytnbxb,skate,class,pm
dsrrklytpbcb,skate,class,pm
dsrrklytpblb,skate,class,pm
dsrrklytpbmc,skate,class,pm
dsrrklytpbtb,skate,class,pm
dtshtkytlbnc,class,beginners,yoga
dtshtkytlbxb,class,beginners,yoga
dtshtkytnbjb,class,beginners,yoga
dtshtkytnbxb,class,beginners,yoga
dtshtkytpblb,class,beginners,yoga
dtvmpcytlbhc,church,st,mass
dtvmpcytmbdc,church,st,mass
dtvmpcytnbkc,church,st,mass
dvkkhlytlbbc,group,work,many
dvkkhlytmbwb,group,work,many
dvkkhlytpbzb,group,work,many
dvqjzdytlbjc,well,come,us
dvqjzdytnblc,data,learn,talk
dwglcjytlbhb,pm,show,comedy
dwglcjytmbdb,pm,show,comedy
dwglcjytnbkb,pm,show,comedy
dwglcjytpbgb,pm,show,comedy
dwhthhytmbhb,us,games,sign
dwhthhytnbfb,us,games,sign
dwlcwkytlbbc,skate,class,pm
dwlcwkytlbjb,skate,class,pm
dwlcwkytlbkc,skate,class,pm
dwlcwkytlbrb,skate,class,pm
dwlcwkytmbfb,skate,class,pm
dwlcwkytmbgc,skate,class,pm
dwlcwkytmbnb,skate,class,pm
dwlcwkytnbcb,skate,class,pm
dwlcwkytnbdc,skate,class,pm
dwlcwkytnblb,skate,class,pm
dwlcwkytnbmc,skate,class,pm
dwlcwkytnbtb,skate,class,pm
dwlcwkytpbhb,skate,class,pm
dxcqfhytlbzb,well,come,us
dxcqfhytmbvb,well,come,us
dxcqfhytnbcc,us,event,community
dxcqfhytpbxb,data,learn,talk
dxthtdytlbgb,lunch,pm,attend
dxthtdytlbpb,lunch,pm,attend
dxthtdytmbdc,lunch,pm,attend
dxthtdytmblb,lunch,pm,attend
dxthtdytmbmc,lunch,pm,attend
dxthtdytmbtb,lunch,pm,attend
dxthtdytnbjb,lunch,pm,attend
dxthtdytpbfb,lunch,pm,attend
dxthtdytpbgc,lunch,pm,attend
dxthtdytpbnb,lunch,pm,attend
dxthtdytpbwb,lunch,pm,attend
dzgbkhytlbcb,game,play,players
dzgbkhytlbdc,game,play,players
dzgbkhytlbmc,game,play,players
dzgbkhytlbtb,game,play,players
dzgbkhytmbhb,game,play,players
dzgbkhytmbjc,game,play,players
dzgbkhytmbqb,game,play,players
dzgbkhytmbzb,game,play,players
dzgbkhytnbfb,game,play,players
dzgbkhytnbnb,game,play,players
dzgbkhytnbpc,game,play,players
dzgbkhytnbwb,game,play,players
dzgbkhytpbcc,game,play,players
dzgbkhytpbkb,game,play,players
dzgbkhytpblc,game,play,players
fffldlytlbfc,us,event,community
fffldlytlbmb,us,event,community
fffldlytlbvb,us,event,community
ffhmklytmbxb,club,gear,course
fhznflytlbwb,pm,show,comedy
fhznflytmbcc,pm,show,comedy
fhznflytnbzb,pm,show,comedy
flkcllytnbdb,please,may,come
flkcllytnbvb,please,may,come
fqnrjlytmbdb,lunch,pm,attend
fqnrjlytpbgb,lunch,pm,attend
fqzbklytlbgc,lesson,energy,healing
gcpnjlytmbvb,class,free,pm
gctsjlytmbdb,church,st,mass
gctsjlytnbkb,lesson,energy,healing
gctsjlytpbgb,data,learn,talk
gjxtjlytmbrb,dance,salsa,lesson
gjxtjlytnbpb,dance,salsa,lesson
gjxtjlytpblb,dance,salsa,lesson
grkkglytlbgb,club,gear,course
grkkglytlbhc,club,gear,course
grkkglytlbpb,club,gear,course
grkkglytlbxb,club,gear,course
grkkglytmbcb,club,gear,course
grkkglytmbdc,club,gear,course
grkkglytmblb,club,gear,course
grkkglytmbmc,club,gear,course
grkkglytmbtb,club,gear,course
grkkglytnbjb,club,gear,course
grkkglytnbkc,club,gear,course
grkkglytnbrb,club,gear,course
grkkglytpbfb,club,gear,course
grkkglytpbwb,club,gear,course
grldllytnbgb,please,may,come
grldllytnbpb,please,may,come
grldllytnbxb,please,may,come
gtjchlytmbhb,well,come,us
gtjchlytnbpc,well,come,us
gxwvllytpbcb,happy,pm,hour
gztdjlytlbgb,music,jazz,concert
hcbbllytnbnc,university,pm,center
hdlzflytmbqb,church,st,mass
hfsmclytlbdb,dance,salsa,lesson
hfsmclytlbfc,dance,salsa,lesson
hfsmclytlbmb,dance,salsa,lesson
hfsmclytlbnc,dance,salsa,lesson
hfsmclytmbkc,dance,salsa,lesson
hfsmclytmbrb,dance,salsa,lesson
hfsmclytnbgb,dance,salsa,lesson
hfsmclytnbhc,dance,salsa,lesson
hfsmclytpbcb,dance,salsa,lesson
hfsmclytpbdc,dance,salsa,lesson
hhvwjlytlbzb,dance,salsa,lesson
hhvwjlytmbdb,class,beginners,yoga
hjdsklytmbfc,class,beginners,yoga
hlhqklytmbrb,park,august,free
hmdpflytlbvb,us,games,sign
hmrthlytmbnb,us,event,community
hmrthlytnblb,us,event,community
hmrthlytpbqb,us,event,community
hphnglytlblb,us,event,community
hrddllytnbkb,class,beginners,yoga
hrddllytnbsb,class,beginners,yoga
hrhzflytlbcb,group,work,many
hrhzflytlbmc,group,work,many
hrhzflytmbjc,group,work,many
hrhzflytmbqb,group,work,many
hrtbhlytlblc,dance,salsa,lesson
hrtbhlytlbsb,dance,salsa,lesson
htkbmlytpbhc,pm,parking,meet
htkbmlytpbpb,pm,parking,meet
htkbmlytpbxb,pm,parking,meet
hxmqclytmbtb,data,learn,talk
hxmqclytnbbc,data,learn,talk
hzrfklytlbpc,well,come,us
hzrfklytmblc,well,come,us
hzrfklytnbjc,well,come,us
hzrfklytpbnc,well,come,us
jchnjlytlbgb,us,event,community
jchnjlytlbpb,us,event,community
jchnjlytnbkc,us,event,community
jfqmjlytlbdb,lesson,energy,healing
jfqmjlytlbfc,lesson,energy,healing
jfqmjlytlbmb,lesson,energy,healing
jfqmjlytlbnc,lesson,energy,healing
jfqmjlytlbvb,lesson,energy,healing
jfqmjlytmbbc,lesson,energy,healing
jfqmjlytmbkc,lesson,energy,healing
jfqmjlytmbrb,lesson,energy,healing
jfqmjlytnbgb,lesson,energy,healing
jfqmjlytnbhc,lesson,energy,healing
jfqmjlytnbpb,lesson,energy,healing
jfqmjlytnbxb,lesson,energy,healing
jfqmjlytpbcb,lesson,energy,healing
jfqmjlytpbmc,lesson,energy,healing
jghmklytmbmb,club,gear,course
jghmklytpbpb,club,gear,course
jhhmklytmbdc,event,players,play
jhhmklytmbmc,event,players,play
jhhmklytmbtb,event,players,play
jhhmklytnbbc,event,players,play
jhhmklytnbjb,event,players,play
jhhmklytnbkc,event,players,play
jhhmklytnbrb,event,players,play
jhhmklytpbfb,event,players,play
jhhmklytpbgc,event,players,play
jhhmklytpbnb,event,players,play
jhhmklytpbwb,event,players,play
jjvrklytmbnc,dance,salsa,lesson
jlfzhlytlbgb,game,play,players
jlfzhlytlbhc,game,play,players
jlfzhlytlbpb,game,play,players
jlfzhlytlbxb,game,play,players
jlfzhlytmbcb,game,play,players
jlfzhlytmbdc,game,play,players
jlfzhlytmblb,game,play,players
jlfzhlytmbmc,game,play,players
jlfzhlytmbtb,game,play,players
jlfzhlytnbbc,game,play,players
jlfzhlytnbjb,game,play,players
jlfzhlytnbkc,game,play,players
jlfzhlytnbrb,game,play,players
jlfzhlytpbfb,game,play,players
jlfzhlytpbgc,game,play,players
jlfzhlytpbnb,game,play,players
jlfzhlytpbwb,game,play,players
jnwfklytmbfb,class,beginners,yoga
jnwfklytmbgc,class,beginners,yoga
jnwfklytmbnb,class,beginners,yoga
jnwfklytpbhb,class,beginners,yoga
jqhmklytmbcc,us,event,community
jqhmklytpbvb,us,event,community
jrhcklytlbzb,us,event,community
jrhcklytnbkb,us,event,community
jrhcklytpbxb,us,event,community
jrvrjlytlbqb,game,play,players
jrvrjlytlbvb,game,play,players
jrvrjlytmbdb,game,play,players
jsbbllytnbsb,data,learn,talk
jvpmhlytlbvb,well,come,us
jvxvklytnbcc,game,play,players
jvxvklytnblc,game,play,players
jwdwglytlbjc,group,work,many
jxwvllytpbcb,happy,pm,hour
jxwvllytpbtb,happy,pm,hour
jzffjlytlbhb,group,work,many
jzffjlytlbqb,group,work,many
kcbmglytlbgb,skate,class,pm
kcbmglytlbhc,skate,class,pm
kcbmglytlbpb,skate,class,pm
kcbmglytlbxb,skate,class,pm
kcbmglytmbcb,skate,class,pm
kcbmglytmbdc,skate,class,pm
kcbmglytmbmc,skate,class,pm
kdfhllytnbkb,games,th,weekend
kdtcflytlbgc,lesson,energy,healing
kdtcflytlbwb,lesson,energy,healing
kdtcflytnbjc,lesson,energy,healing
kdtcflytpbvb,lesson,energy,healing
kghkjlytlbhc,class,beginners,yoga
kghkjlytlbpb,class,beginners,yoga
kghkjlytlbxb,class,beginners,yoga
kghkjlytmblb,class,beginners,yoga
khzkmlytpbfc,lesson,energy,healing
kkhqklytmbcc,class,beginners,yoga
kkhqklytmbsb,class,beginners,yoga
klhbklytmbdb,music,bring,play
klhbklytnbkb,music,bring,play
klhbklytpbgb,music,bring,play
klpvllytpbcc,group,work,many
klpvllytpbsb,group,work,many
kvngjlytlbgb,class,beginners,yoga
kxsjglytlbrb,us,event,community
kzwvllytpbmc,music,jazz,concert
lhdgjlytmbmc,group,work,many
lhdgjlytnbkc,lesson,energy,healing
lmwsklytmbtb,church,st,mass
lmwsklytnbbc,church,st,mass
lmwsklytnbrb,church,st,mass
lmwsklytpbfb,church,st,mass
lmwsklytpbnb,church,st,mass
lqwqklytnbbc,church,st,mass
lqwqklytnbkc,church,st,mass
lqwqklytnbrb,church,st,mass
lqwqklytpbwb,church,st,mass
lsxvklytnbxb,game,play,players
lvhxllytpbpb,church,st,mass
lwkkhlytlbcb,group,work,many
lwkkhlytmbhb,group,work,many
lwkkhlytpbkb,group,work,many
lwkvklytmbfc,music,bring,play
lwkvklytnblc,music,bring,play
lwzwclytlbkb,lunch,pm,attend
lwzwclytmbgb,lunch,pm,attend
lztnhlytmbjc,park,august,free
lztnhlytmbqb,park,august,free
lztnhlytmbzb,park,august,free
mbmvklytmbfc,game,play,players
mbmvklytmbnc,game,play,players
mbvdjlytlbgb,music,jazz,concert
mbvdjlytlbhc,music,jazz,concert
mffljlytlbbc,group,work,many
mffljlytlbjb,us,event,community
mffljlytlbkc,group,work,many
mffljlytlbrb,group,work,many
mffljlytmbgc,group,work,many
mffljlytmbnb,group,work,many
mffljlytmbwb,group,work,many
mfhmklytmbfc,club,gear,course
mgmtglytnbrb,lunch,pm,attend
mgmtglytpbnb,lunch,pm,attend
mkbzklytnbgb,lesson,energy,healing
mlcldlytlbgb,church,st,mass
mlcldlytlbpb,church,st,mass
mlcldlytlbxb,church,st,mass
mlfdnytlbzb,us,event,community
mlfdnytmbvb,us,event,community
mlfdnytnbcc,us,event,community
mlfdnytpbxb,us,event,community
mmhbklytmbvb,music,bring,play
mmhbklytnbcc,music,bring,play
mmhbklytpbxb,music,bring,play
mpbjllytnbbc,amp,tour,cruise
mpbjllytnbrb,group,work,many
mpbjllytpbfb,amp,tour,cruise
mpbjllytpbgc,amp,tour,cruise
mwtdmlytpbxb,games,th,weekend
mxkqhlytlbhc,data,learn,talk
mxkqhlytmbdc,data,learn,talk
mxkqhlytpbgc,data,learn,talk
nccphlytlbmb,church,st,mass
nccphlytmbrb,church,st,mass
nccphlytnbpb,church,st,mass
nccphlytpblb,data,learn,talk
ndfqhlytlbhc,music,bring,play
ndfqhlytmbdc,music,bring,play
ndfqhlytnbkc,music,bring,play
ndfqhlytpbgc,music,bring,play
nfgxllytpbxb,church,st,mass
ngdmglytlbhb,skate,class,pm
ngdmglytlbjc,skate,class,pm
ngdmglytlbqb,skate,class,pm
ngdmglytlbzb,skate,class,pm
ngdmglytmbdb,skate,class,pm
ngdmglytmbfc,skate,class,pm
ngdmglytmbmb,skate,class,pm
ngdmglytmbnc,skate,class,pm
ngdmglytmbvb,skate,class,pm
nhddhlytlbjc,lunch,pm,attend
nhddhlytmbfc,lunch,pm,attend
njtvglytlbfb,dance,salsa,lesson
njtvglytlbgc,dance,salsa,lesson
njtvglytlbnb,dance,salsa,lesson
njtvglytlbpc,dance,salsa,lesson
njtvglytlbwb,dance,salsa,lesson
njtvglytmbcc,dance,salsa,lesson
njtvglytmbkb,dance,salsa,lesson
njtvglytmblc,dance,salsa,lesson
njtvglytmbsb,dance,salsa,lesson
njtvglytnbhb,dance,salsa,lesson
njtvglytnbjc,dance,salsa,lesson
njtvglytnbqb,dance,salsa,lesson
njtvglytnbzb,dance,salsa,lesson
njtvglytpbdb,dance,salsa,lesson
njtvglytpbfc,dance,salsa,lesson
njtvglytpbmb,dance,salsa,lesson
njtvglytpbnc,dance,salsa,lesson
njtvglytpbvb,dance,salsa,lesson
njwqhlytlblb,park,outdoor,mall
ntmvglytpblb,lesson,energy,healing
nzfdklytlbcc,lunch,pm,attend
nzfdklytmbxb,lunch,pm,attend
nzfdklytnbvb,lunch,pm,attend
nzxdllytnbfb,group,work,many
nzxdllytnbgc,group,work,many
nzxdllytnbnb,group,work,many
nzxdllytnbpc,group,work,many
nzxdllytnbwb,group,work,many
nzxdllytpbkb,group,work,many
pcjnhlytnbbc,class,free,pm
pcjnhlytnbrb,class,free,pm
phhgjlytlbgb,class,beginners,yoga
phhgjlytlbpb,class,beginners,yoga
phhgjlytmbcb,class,beginners,yoga
phhgjlytmbtb,class,beginners,yoga
pktsklytmbtb,event,players,play
pmhjhlytlbfb,data,learn,talk
pmhjhlytnbhb,data,learn,talk
pqlsklytmblc,data,learn,talk
pqlsklytnbjc,data,learn,talk
pqvmhlytlbrb,music,bring,play
pqvmhlytmbnb,well,come,us
pqvmhlytnblb,well,come,us
pstjklytmbhb,game,play,players
pstjklytmbjc,game,play,players
pstjklytmbqb,game,play,players
pstjklytmbzb,game,play,players
pvjmklytnbtb,lunch,pm,attend
pvthhlytlbwb,club,gear,course
pvthhlytmbkb,club,gear,course
pvthhlytmblc,club,gear,course
pvthhlytnbhb,club,gear,course
pvthhlytnbjc,club,gear,course
pvthhlytnbqb,club,gear,course
pvthhlytpbdb,club,gear,course
pvthhlytpbfc,club,gear,course
pvthhlytpbmb,club,gear,course
pvthhlytpbnc,club,gear,course
qbkpllytnbdc,university,pm,center
qbkpllytnbmc,happy,pm,hour
qbmdnhytlbdb,us,event,community
qbmdnhytlbfc,us,event,community
qbmdnhytlbnc,us,event,community
qbmdnhytlbvb,us,event,community
qbmdnhytmbbc,us,event,community
qbmdnhytmbrb,us,event,community
qbmdnhytnbxb,us,event,community
qbmdnhytpbcb,us,event,community
qbrpqjytlbkc,data,learn,talk
qfbqllytnbbc,games,th,weekend
qfbqllytpbwb,games,th,weekend
qfspxjytmbdb,class,beginners,yoga
qfspxjytmbfc,class,beginners,yoga
qfspxjytmbnc,class,beginners,yoga
qfspxjytmbvb,class,beginners,yoga
qfspxjytnbsb,lesson,energy,healing
qggqvjytlbbc,dance,salsa,lesson
qggqvjytlbjb,dance,salsa,lesson
qggqvjytlbkc,dance,salsa,lesson
qgzpzgytlbhb,lesson,energy,healing
qgzpzgytmbdb,lesson,energy,healing
qgzpzgytnbkb,lesson,energy,healing
qgzpzgytpbgb,lesson,energy,healing
qksgzhytnbgc,lesson,energy,healing
qlsfgjytmbhb,pm,parking,meet
qlsfgjytmbjc,pm,parking,meet
qlsfgjytmbzb,pm,parking,meet
qnnhblytlbgb,club,gear,course
qnnhblytlbhc,club,gear,course
qnnhblytlbxb,club,gear,course
qnnhblytmbcb,club,gear,course
qnnhblytmbdc,club,gear,course
qnnhblytmblb,club,gear,course
qnnhblytmbtb,club,gear,course
qnnhblytnbjb,club,gear,course
qnnhblytpbfb,club,gear,course
qnpmhjytlblc,music,jazz,concert
qnpmhjytmbhc,music,jazz,concert
qnpmhjytmbxb,music,jazz,concert
qnpmhjytnbdb,music,jazz,concert
qnpmhjytnbvb,music,jazz,concert
qnpmhjytpbbc,music,jazz,concert
qnwppcytlbhb,us,games,sign
qnwppcytlbjc,us,games,sign
qnwppcytlbqb,us,games,sign
qnwppcytlbzb,us,games,sign
qnwppcytmbdb,us,games,sign
qnwppcytmbfc,us,games,sign
qnwppcytmbmb,us,games,sign
qnwppcytmbnc,us,games,sign
qnwppcytmbvb,us,games,sign
qnwppcytnbcc,us,games,sign
qnwppcytnbkb,us,games,sign
qnwppcytnblc,us,games,sign
qnwppcytnbsb,us,games,sign
qnwppcytpbgb,us,games,sign
qnwppcytpbhc,us,games,sign
qnwppcytpbpb,us,games,sign
qnwppcytpbxb,us,games,sign
qpcfjlytnbfc,us,event,community
qpcgnjytmbhb,us,games,sign
qpcgnjytmbzb,us,games,sign
qpcgnjytnbfb,us,games,sign
qpcgnjytnbpc,us,games,sign
qpcgnjytnbwb,us,games,sign
qpcgnjytpblc,us,games,sign
qpcgnjytpbsb,us,games,sign
qptqzkytnbmb,university,pm,center
qpxmfjytlbgc,lesson,energy,healing
qqfpgjytlbhb,film,life,world
qqfpgjytmbdb,film,life,world
qqfpgjytnbkb,film,life,world
qqfpgjytpbgb,film,life,world
qqjstkytlbdc,group,work,many
qqtdglytlbvb,data,learn,talk
qqtdglytmbbc,data,learn,talk
qqtdglytpbtb,data,learn,talk
qrnrhlytlbwb,music,bring,play
qrnrhlytmbcc,music,bring,play
qrnrhlytnbzb,music,bring,play
qrnrhlytpbvb,music,bring,play
qskvjlytlbjc,park,august,free
qskvjlytlbqb,park,august,free
qskvjlytlbzb,park,august,free
qskvjlytmbdb,park,august,free
qskvjlytmbfc,park,august,free
qskvjlytmbmb,park,august,free
qskvjlytmbnc,park,august,free
qskvjlytmbvb,park,august,free
qsvcvhytmbbc,lesson,energy,healing
qsvcvhytnbhc,lesson,energy,healing
qsvcvhytnbxb,lesson,energy,healing
qtcqcjytlbjc,event,players,play
qtcqcjytlbqb,event,players,play
qtcqcjytlbzb,event,players,play
qtcqcjytmbdb,event,players,play
qtcqcjytmbmb,event,players,play
qtcqcjytmbnc,event,players,play
qtcqcjytmbvb,event,players,play
qtcqcjytnbcc,event,players,play
qtcqcjytnbkb,event,players,play
qtcqcjytnblc,event,players,play
qtcqcjytnbsb,event,players,play
qtcqcjytpbgb,event,players,play
qtcqcjytpbhc,event,players,play
qtcqcjytpbpb,event,players,play
qtcqcjytpbxb,event,players,play
qvcjwkytlbtb,well,come,us
qvcjwkytmbjc,well,come,us
qvcjwkytmbqb,well,come,us
qvcjwkytpbcc,well,come,us
qvlxdgytlbjb,church,st,mass
qvlxdgytmbfb,church,st,mass
qvlxdgytpbhb,university,pm,center
qwnxklytpbfb,event,players,play
qwnxklytpbgc,event,players,play
qwnxklytpbnb,event,players,play
qwnxklytpbwb,event,players,play
rcqmjlytlbdb,skate,class,pm
rcqmjlytlbfc,skate,class,pm
rcqmjlytlbmb,skate,class,pm
rcqmjlytlbnc,skate,class,pm
rcqmjlytlbvb,skate,class,pm
rcqmjlytmbbc,skate,class,pm
rcqmjlytmbkc,skate,class,pm
rcqmjlytmbrb,skate,class,pm
rcqmjlytnbgb,skate,class,pm
rcqmjlytnbhc,skate,class,pm
rcqmjlytnbpb,skate,class,pm
rcqmjlytnbxb,skate,class,pm
rcqmjlytpblb,skate,class,pm
rcqmjlytpbmc,skate,class,pm
rgdmglytmbhc,skate,class,pm
rgrdllytpblc,class,beginners,yoga
rltdklytmbfc,church,st,mass
rnpshlytlbhb,music,bring,play
rnwxhlytlbnb,class,beginners,yoga
rpzldlytlbgb,pm,show,comedy
rpzldlytlbhc,pm,show,comedy
rpzldlytmbcb,pm,show,comedy
rpzldlytmblb,pm,show,comedy
rpzldlytnbrb,pm,show,comedy
rpzldlytpbwb,pm,show,comedy
rsjchlytmbzb,well,come,us
rsjchlytpblc,well,come,us
rtvhklytmbcc,class,free,pm
rtvhklytmbfc,class,free,pm
rtvhklytmblc,class,free,pm
rtvhklytmbnc,class,free,pm
rtvhklytnbcc,class,free,pm
rtvhklytnbhb,class,free,pm
rtvhklytnbjc,class,free,pm
rtvhklytnbkb,class,free,pm
rtvhklytnblc,class,free,pm
rtvhklytnbqb,class,free,pm
rtvhklytpbdb,class,free,pm
rxzfflytlbqb,data,learn,talk
rxzfflytmbmb,data,learn,talk
rxzfflytnbsb,data,learn,talk
rzgmklytmbbc,us,event,community
rzgmklytmbrb,us,event,community
rzgmklytpbmc,us,event,community
rzwvllytpbdc,music,jazz,concert
sdlwflytlbmb,pm,show,comedy
sdlwflytlbnc,pm,show,comedy
sdlwflytlbvb,pm,show,comedy
sdlwflytmbbc,pm,show,comedy
sdlwflytmbjb,pm,show,comedy
sdlwflytmbkc,pm,show,comedy
sdlwflytmbrb,pm,show,comedy
sdlwflytnbgb,pm,show,comedy
sdlwflytpblb,pm,show,comedy
sjprllytpbfb,well,come,us
snvwllytpbnc,lesson,energy,healing
sqhmklytpbmb,us,event,community
srddllytnbpb,lesson,energy,healing
srjwglytmbhb,well,come,us
srjwglytpblc,well,come,us
svrbllytnbdc,us,event,community
svrbllytnblb,us,event,community
szksglytmblb,pm,parking,meet
thntjlytlbfc,skate,class,pm
thntjlytlbmb,skate,class,pm
thntjlytlbnc,skate,class,pm
thntjlytlbvb,skate,class,pm
thntjlytmbbc,skate,class,pm
thntjlytmbkc,skate,class,pm
thntjlytmbrb,skate,class,pm
thntjlytnbgb,skate,class,pm
thntjlytnbhc,skate,class,pm
thntjlytnbpb,skate,class,pm
thntjlytnbxb,skate,class,pm
tjnhhlytlbkc,class,free,pm
tjnhhlytlbpb,class,free,pm
tjnhhlytlbrb,class,free,pm
tjnhhlytlbxb,class,free,pm
tjnhhlytmbfb,class,free,pm
tjnhhlytmblb,class,free,pm
tjnhhlytmbnb,class,free,pm
tjnhhlytnbcb,class,free,pm
tjnhhlytnbrb,class,free,pm
tjxtjlytmbhc,dance,salsa,lesson
tjxtjlytmbpb,dance,salsa,lesson
tjxtjlytmbxb,dance,salsa,lesson
tjxtjlytnbfc,dance,salsa,lesson
tjxtjlytnbmb,dance,salsa,lesson
tjxtjlytnbnc,dance,salsa,lesson
tjxtjlytnbvb,dance,salsa,lesson
tjxtjlytpbbc,dance,salsa,lesson
tjxtjlytpbkc,dance,salsa,lesson
tmblhlytlbfb,music,bring,play
tmblhlytnbhb,music,bring,play
tmblhlytpbdb,music,bring,play
tmkcllytnbbc,please,may,come
tmkcllytnbjb,please,may,come
tmkcllytnbrb,please,may,come
tnzqhlytlbmb,music,bring,play
tnzqhlytmbrb,well,come,us
tnzqhlytnbpb,well,come,us
tqdmflytlbwb,dance,salsa,lesson
trpgglytlbtb,us,event,community
trpgglytpbcc,us,event,community
ttfldlytlbkc,class,beginners,yoga
ttfldlytmbgc,data,learn,talk
ttfldlytnbdc,church,st,mass
ttqhjlytlbhc,church,st,mass
ttqhjlytmbcb,church,st,mass
ttwxhlytlbdc,university,pm,center
ttwxhlytlblb,university,pm,center
ttwxhlytlbmc,university,pm,center
ttwxhlytlbtb,university,pm,center
vdsndlytnbdb,park,august,free
vgkcmlytpbqb,well,come,us
vhthflytpbfc,lesson,energy,healing
vhthflytpbnc,lesson,energy,healing
vqxkklytmbmb,class,beginners,yoga
vwkqhlytlbbc,data,learn,talk
vwkqhlytmbwb,data,learn,talk
vwkqhlytnbtb,data,learn,talk
vwkqhlytpbzb,data,learn,talk
wbjcklytmbjc,park,august,free
wbjcklytmbqb,park,august,free
wbjcklytmbzb,park,august,free
wdvdjlytlbrb,data,learn,talk
wdvdjlytmbnb,us,event,community
wdvdjlytnblb,us,event,community
wdvdjlytpbqb,well,come,us
wfdhklytmbqb,data,learn,talk
wfdhklytpbkb,data,learn,talk
wgrdllytnbhb,class,beginners,yoga
wgrdllytnbqb,class,beginners,yoga
wgrdllytnbzb,class,beginners,yoga
wgrdllytpbdb,class,beginners,yoga
wgrdllytpbfc,class,beginners,yoga
wgrdllytpbmb,class,beginners,yoga
wgrdllytpbnc,class,beginners,yoga
wgrdllytpbvb,class,beginners,yoga
wmcgmlytpbhc,class,beginners,yoga
wmcgmlytpbxb,class,beginners,yoga
wmscklytmbmb,class,free,pm
wmscklytmbsb,class,free,pm
wmscklytmbvb,class,free,pm
wnmxklytmbmc,event,food,amp
wnmxklytpbnb,event,food,amp
wnmxklytpbwb,event,food,amp
wqphklytmblb,church,st,mass
wwltflytlbrb,class,beginners,yoga
wwltflytmbnb,class,beginners,yoga
wwltflytnblb,class,beginners,yoga
wwltflytpbqb,class,beginners,yoga
xbvhjlytlbnb,class,beginners,yoga
xbvhjlytmbsb,class,beginners,yoga
xjqdklytlbkc,happy,pm,hour
xjqdklytmbfb,happy,pm,hour
xjqdklytmbgc,happy,pm,hour
xjqdklytmbnb,happy,pm,hour
xjqdklytmbwb,happy,pm,hour
xjqdklytnbcb,happy,pm,hour
xjqdklytnblb,happy,pm,hour
xjqdklytnbtb,happy,pm,hour
xjqdklytpbzb,happy,pm,hour
xnlqllytnbkc,please,may,come
xnlqllytpbfb,please,may,come
xpshflytlbdb,lesson,energy,healing
xpshflytlbfc,skate,class,pm
xpzqhlytlbcc,park,outdoor,mall
xpzqhlytlblc,park,outdoor,mall
xpzqhlytlbsb,park,outdoor,mall
xpzqhlytmbgb,park,outdoor,mall
xpzqhlytmbhc,park,outdoor,mall
xpzqhlytmbxb,park,outdoor,mall
xsbdhlytlbhb,us,event,community
xsbdhlytlbqb,us,event,community
xtfwklytmbjc,please,also,tickets
xtxsjlytlbjc,well,come,us
xtxsjlytlbqb,well,come,us
xtxsjlytlbzb,well,come,us
xtxsjlytmbdb,well,come,us
xtxsjlytmbfc,well,come,us
xtxsjlytmbmb,well,come,us
xtxsjlytmbnc,well,come,us
xtxsjlytmbvb,well,come,us
xtxsjlytnbkb,well,come,us
xxsqllytpbrb,lesson,energy,healing
zbhkklytmbfb,skate,class,pm
zbrgglytlbcb,us,event,community
zbrgglytmbhb,us,event,community
zdfqhlytlbpb,music,bring,play
zdfqhlytmblb,music,bring,play
zdfqhlytnbrb,music,bring,play
zdfqhlytpbnb,music,bring,play
zdzdllytnbcb,group,work,many
zdzdllytnbdc,group,work,many
zdzdllytnblb,group,work,many
zdzdllytnbtb,group,work,many
zdzdllytpbhb,group,work,many
zdzdllytpbjc,group,work,many
zdzdllytpbqb,group,work,many
zdzdllytpbzb,group,work,many
zfhkjlytkblc,class,beginners,yoga
zggnclytlbgb,event,players,play
zggnclytlbhc,event,players,play
zggnclytnbbc,event,players,play
zggnclytpbnb,event,players,play
zggnclytpbwb,event,players,play
zkhhklytmbdb,data,learn,talk
zkhhklytmbfc,data,learn,talk
zkhhklytmbmb,data,learn,talk
zkhhklytmbvb,data,learn,talk
zmccklytlbgc,lesson,energy,healing
zmccklytlbpc,lesson,energy,healing
zmccklytmbkb,lesson,energy,healing
zmccklytmblc,lesson,energy,healing
zmccklytmbsb,lesson,energy,healing
zmccklytnbhb,lesson,energy,healing
zmccklytnbjc,lesson,energy,healing
zmccklytnbqb,lesson,energy,healing
zmccklytpbfc,lesson,energy,healing
zmccklytpbnc,lesson,energy,healing
zmccklytpbvb,lesson,energy,healing
zmvjmlytpbmc,pm,show,comedy
zmzkglytlbcb,pm,parking,meet
zmzkglytnbnb,pm,parking,meet
znxmllytnbhc,class,free,pm
znxmllytpbdc,lesson,energy,healing
zvsshlytlbcb,park,august,free
zvsshlytlbtb,park,august,free
zwgldlytlbmb,us,event,community
zwgldlytmbrb,us,event,community
zwxlflytlbtb,game,play,players
zwxlflytnbwb,music,jazz,concert
zwxlflytpbcc,music,bring,play
