VenueID,Event ID,Topic1,Topic2,Topic3,Topic4,Topic5,Topic6,Topic7,Topic8,Topic9,Topic10,Month
674828,dsnpzjytlbjc,time,make,speakers,starting,opportunities,keep,next,learn,conversation,open,8
674828,dsnpzjytmbfc,time,make,speakers,starting,opportunities,keep,next,learn,conversation,open,9
674828,dsnpzjytmbmb,time,make,speakers,starting,opportunities,keep,next,learn,conversation,open,9
674828,dsnpzjytnbcc,time,make,speakers,starting,opportunities,keep,next,learn,conversation,open,10
674828,dsnpzjytnbkb,time,make,speakers,starting,opportunities,keep,next,learn,conversation,open,10
674828,dsnpzjytpbgb,time,make,speakers,starting,opportunities,keep,next,learn,conversation,open,11
674828,dsnpzjytqbvb,time,make,speakers,starting,opportunities,keep,next,learn,conversation,open,12
674828,dsnpzjyvcbkc,time,make,speakers,starting,opportunities,keep,next,learn,conversation,open,1
674828,dsnpzjyvcbrb,time,make,speakers,starting,opportunities,keep,next,learn,conversation,open,1
674917,226032225,la,gallery,pa,fly,masked,quality,bill,et,images,little,11
674917,lcszmlyvcbcc,work,journey,prepare,year,journeying,people,use,want,across,see,1
674917,lcszmlyvcbsb,theme,records,information,suggestions,help,present,websites,using,etc,real,1
674917,lrhqmlytqbnb,theme,records,information,suggestions,help,present,websites,using,etc,real,12
674917,lrhqmlyvcbkb,theme,records,information,suggestions,help,present,websites,using,etc,real,1
674917,mffljlytlbbc,group,coffee,conversation,beginning,intermediate,please,else,month,ch,pour,8
674917,mffljlytlbjb,group,coffee,conversation,beginning,intermediate,please,else,month,ch,pour,8
674917,mffljlytlbkc,group,coffee,conversation,beginning,intermediate,please,else,month,ch,pour,8
674917,mffljlytlbrb,group,coffee,conversation,beginning,intermediate,please,else,month,ch,pour,8
674917,mffljlytmbgc,group,coffee,conversation,beginning,intermediate,please,else,month,ch,pour,9
674917,mffljlytmbnb,group,coffee,conversation,beginning,intermediate,please,else,month,ch,pour,9
674917,mffljlytmbwb,group,coffee,conversation,beginning,intermediate,please,else,month,ch,pour,9
674917,zdzdllytnbcb,group,coffee,conversation,beginning,intermediate,please,else,month,ch,pour,10
674917,zdzdllytnbdc,group,coffee,conversation,beginning,intermediate,please,else,month,ch,pour,10
674917,zdzdllytnblb,group,coffee,conversation,beginning,intermediate,please,else,month,ch,pour,10
674917,zdzdllytnbtb,group,coffee,conversation,beginning,intermediate,please,else,month,ch,pour,10
674917,zdzdllytpbhb,group,coffee,conversation,beginning,intermediate,please,else,month,ch,pour,11
674917,zdzdllytpbjc,group,coffee,conversation,beginning,intermediate,please,else,month,ch,pour,11
674917,zdzdllytpbqb,group,coffee,conversation,beginning,intermediate,please,else,month,ch,pour,11
674917,zdzdllytpbzb,group,coffee,conversation,beginning,intermediate,please,else,month,ch,pour,11
728332,226893733,amp,support,membership,nonprofit,interested,attend,ideas,ways,questions,groups,1
838852,223573755,group,back,want,work,whats,holding,discussion,hope,anxiety,open,8
838852,224331499,love,help,energy,healing,living,spirit,others,receive,meditation,life,9
838852,224724359,voice,please,group,interested,circle,space,seminar,learn,every,setting,10
838852,224724377,group,back,want,work,whats,holding,discussion,hope,anxiety,open,11
838852,226726636,group,back,want,work,whats,holding,discussion,hope,anxiety,open,12
838852,227126391,group,back,want,work,whats,holding,discussion,hope,anxiety,open,1
855999,227672259,steel,everyone,cactus,hard,new,class,dancing,salsa,food,cover,1
925227,225591928,group,back,want,work,whats,holding,discussion,hope,anxiety,open,10
925227,225922689,group,back,want,work,whats,holding,discussion,hope,anxiety,open,10
925227,226080358,group,back,want,work,whats,holding,discussion,hope,anxiety,open,10
925227,226402735,group,back,want,work,whats,holding,discussion,hope,anxiety,open,11
925227,226402757,group,back,want,work,whats,holding,discussion,hope,anxiety,open,11
925227,226402773,group,back,want,work,whats,holding,discussion,hope,anxiety,open,11
925227,227113668,group,back,want,work,whats,holding,discussion,hope,anxiety,open,12
925227,227344478,group,back,want,work,whats,holding,discussion,hope,anxiety,open,12
978650,gztdjlytlbgb,law,grand,people,common,jury,government,rights,power,county,page,8
978650,mbvdjlytlbgb,law,grand,people,common,jury,government,rights,power,county,page,8
978650,mbvdjlytlbhc,law,grand,people,common,jury,government,rights,power,county,page,8
1015384,227501754,group,back,want,work,whats,holding,discussion,hope,anxiety,open,1
1015384,227922412,group,back,want,work,whats,holding,discussion,hope,anxiety,open,1
1015384,bmhdnytmbmb,learn,guest,health,organizations,money,walking,share,programs,create,cant,9
1015384,bmhdnyvcbrb,learn,guest,health,organizations,money,walking,share,programs,create,cant,1
1038240,223802970,book,fiction,read,books,club,short,author,discuss,discussion,world,9
1038240,224771608,book,fiction,read,books,club,short,author,discuss,discussion,world,11
1038240,224771727,ride,trail,bike,miles,back,hour,evening,mile,parking,bicycle,10
1038240,226567657,games,cards,like,back,good,eat,event,apples,great,remember,11
1038240,226861394,games,cards,like,back,good,eat,event,apples,great,remember,11
1043807,dzgbkhytlbcb,club,investment,real,estate,discussions,chapter,model,meeting,visitors,re,8
1043807,dzgbkhytlbdc,club,investment,real,estate,discussions,chapter,model,meeting,visitors,re,8
1043807,dzgbkhytlbmc,club,investment,real,estate,discussions,chapter,model,meeting,visitors,re,8
1043807,dzgbkhytlbtb,club,investment,real,estate,discussions,chapter,model,meeting,visitors,re,8
1043807,dzgbkhytmbhb,club,investment,real,estate,discussions,chapter,model,meeting,visitors,re,9
1043807,dzgbkhytmbjc,club,investment,real,estate,discussions,chapter,model,meeting,visitors,re,9
1043807,dzgbkhytmbqb,club,investment,real,estate,discussions,chapter,model,meeting,visitors,re,9
1043807,dzgbkhytmbzb,club,investment,real,estate,discussions,chapter,model,meeting,visitors,re,9
1043807,dzgbkhytnbfb,club,investment,real,estate,discussions,chapter,model,meeting,visitors,re,10
1043807,dzgbkhytnbnb,club,investment,real,estate,discussions,chapter,model,meeting,visitors,re,10
1043807,dzgbkhytnbpc,club,investment,real,estate,discussions,chapter,model,meeting,visitors,re,10
1043807,dzgbkhytnbwb,club,investment,real,estate,discussions,chapter,model,meeting,visitors,re,10
1043807,dzgbkhytpbcc,club,investment,real,estate,discussions,chapter,model,meeting,visitors,re,11
1043807,dzgbkhytpbkb,club,investment,real,estate,discussions,chapter,model,meeting,visitors,re,11
1043807,dzgbkhytpblc,club,investment,real,estate,discussions,chapter,model,meeting,visitors,re,11
1043807,dzgbkhytqbjc,club,investment,real,estate,discussions,chapter,model,meeting,visitors,re,12
1043807,dzgbkhytqbqb,club,investment,real,estate,discussions,chapter,model,meeting,visitors,re,12
1043807,dzgbkhytqbzb,club,investment,real,estate,discussions,chapter,model,meeting,visitors,re,12
1043807,dzgbkhyvcbdb,club,investment,real,estate,discussions,chapter,model,meeting,visitors,re,1
1043807,dzgbkhyvcbmb,club,investment,real,estate,discussions,chapter,model,meeting,visitors,re,1
1043807,dzgbkhyvcbnc,club,investment,real,estate,discussions,chapter,model,meeting,visitors,re,1
1043807,dzgbkhyvcbvb,club,investment,real,estate,discussions,chapter,model,meeting,visitors,re,1
1051762,226014581,book,group,hill,squirrel,meeting,room,people,use,library,level,10
1060183,225823583,town,discount,hour,code,strip,happy,haunted,house,well,district,10
1060183,225823603,town,discount,hour,code,strip,happy,haunted,house,well,district,10
1060183,225823650,town,discount,hour,code,strip,happy,haunted,house,well,district,10
1060183,225823724,town,discount,hour,code,strip,happy,haunted,house,well,district,10
1060183,225823906,town,discount,hour,code,strip,happy,haunted,house,well,district,10
1114957,jrhcklytlbzb,club,public,hall,open,world,music,information,national,preservation,elks,8
1114957,jrhcklytnbkb,club,public,hall,open,world,music,information,national,preservation,elks,10
1114957,jrhcklytpbxb,club,public,hall,open,world,music,information,national,preservation,elks,11
1114957,jrhcklytqbnc,banjo,night,free,frank,every,part,wed,masked,reservations,great,12
1114957,jrhcklyvcbbc,banjo,night,free,frank,every,part,wed,masked,reservations,great,1
1114957,jrhcklyvcbjb,banjo,night,free,frank,every,part,wed,masked,reservations,great,1
1114957,jrhcklyvcbkc,banjo,night,free,frank,every,part,wed,masked,reservations,great,1
1114957,jrhcklyvcbrb,banjo,night,free,frank,every,part,wed,masked,reservations,great,1
1114957,xsbdhlytlbhb,club,public,hall,open,world,music,information,national,preservation,elks,8
1114957,xsbdhlytlbqb,club,public,hall,open,world,music,information,national,preservation,elks,8
1344683,dfwrmcytlbdb,games,bring,play,please,day,sign,remember,like,players,welcome,8
1344683,dfwrmcytlbfc,games,bring,play,please,day,sign,remember,like,players,welcome,8
1344683,dfwrmcytlbmb,games,bring,play,please,day,sign,remember,like,players,welcome,8
1344683,dfwrmcytlbnc,games,bring,play,please,day,sign,remember,like,players,welcome,8
1344683,dfwrmcytmbbc,games,bring,play,please,day,sign,remember,like,players,welcome,9
1344683,dfwrmcytmbjb,games,bring,play,please,day,sign,remember,like,players,welcome,9
1344683,dfwrmcytmbkc,games,bring,play,please,day,sign,remember,like,players,welcome,9
1344683,dfwrmcytmbrb,games,bring,play,please,day,sign,remember,like,players,welcome,9
1344683,dfwrmcytnbgb,games,bring,play,please,day,sign,remember,like,players,welcome,10
1344683,dfwrmcytnbhc,games,bring,play,please,day,sign,remember,like,players,welcome,10
1344683,dfwrmcytnbpb,games,bring,play,please,day,sign,remember,like,players,welcome,10
1344683,dfwrmcytnbxb,games,bring,play,please,day,sign,remember,like,players,welcome,10
1344683,dfwrmcytpbcb,games,bring,play,please,day,sign,remember,like,players,welcome,11
1344683,dfwrmcytpbdc,games,bring,play,please,day,sign,remember,like,players,welcome,11
1344683,dfwrmcytpblb,games,bring,play,please,day,sign,remember,like,players,welcome,11
1344683,dfwrmcytpbmc,games,bring,play,please,day,sign,remember,like,players,welcome,11
1344683,dfwrmcytpbtb,games,bring,play,please,day,sign,remember,like,players,welcome,11
1344683,dfwrmcytqbbc,games,bring,play,please,day,sign,remember,like,players,welcome,12
1344683,dfwrmcytqbkc,games,bring,play,please,day,sign,remember,like,players,welcome,12
1344683,dfwrmcytqbrb,games,bring,play,please,day,sign,remember,like,players,welcome,12
1344683,dfwrmcyvcbfb,games,bring,play,please,day,sign,remember,like,players,welcome,1
1344683,dfwrmcyvcbgc,games,bring,play,please,day,sign,remember,like,players,welcome,1
1344683,dfwrmcyvcbnb,games,bring,play,please,day,sign,remember,like,players,welcome,1
1344683,dfwrmcyvcbpc,games,bring,play,please,day,sign,remember,like,players,welcome,1
1344683,dfwrmcyvcbwb,games,bring,play,please,day,sign,remember,like,players,welcome,1
1344683,qnwppcytlbhb,gaming,always,many,really,could,sign,friend,cost,coming,sitting,8
1344683,qnwppcytlbjc,games,bring,play,please,day,sign,remember,like,players,welcome,8
1344683,qnwppcytlbqb,gaming,always,many,really,could,sign,friend,cost,coming,sitting,8
1344683,qnwppcytlbzb,games,bring,play,please,day,sign,remember,like,players,welcome,8
1344683,qnwppcytmbdb,games,bring,play,please,day,sign,remember,like,players,welcome,9
1344683,qnwppcytmbfc,gaming,always,many,really,could,sign,friend,cost,coming,sitting,9
1344683,qnwppcytmbmb,games,bring,play,please,day,sign,remember,like,players,welcome,9
1344683,qnwppcytmbnc,games,bring,play,please,day,sign,remember,like,players,welcome,9
1344683,qnwppcytmbvb,games,bring,play,please,day,sign,remember,like,players,welcome,9
1344683,qnwppcytnbcc,games,bring,play,please,day,sign,remember,like,players,welcome,10
1344683,qnwppcytnbkb,gaming,always,many,really,could,sign,friend,cost,coming,sitting,10
1344683,qnwppcytnblc,gaming,always,many,really,could,sign,friend,cost,coming,sitting,10
1344683,qnwppcytnbsb,gaming,always,many,really,could,sign,friend,cost,coming,sitting,10
1344683,qnwppcytpbgb,games,bring,play,please,day,sign,remember,like,players,welcome,11
1344683,qnwppcytpbhc,games,bring,play,please,day,sign,remember,like,players,welcome,11
1344683,qnwppcytpbpb,gaming,always,many,really,could,sign,friend,cost,coming,sitting,11
1344683,qnwppcytpbxb,gaming,always,many,really,could,sign,friend,cost,coming,sitting,11
1344683,qnwppcytqbfc,gaming,always,many,really,could,sign,friend,cost,coming,sitting,12
1344683,qnwppcytqbmb,gaming,always,many,really,could,sign,friend,cost,coming,sitting,12
1344683,qnwppcytqbnc,gaming,always,many,really,could,sign,friend,cost,coming,sitting,12
1344683,qnwppcytqbvb,gaming,always,many,really,could,sign,friend,cost,coming,sitting,12
1344683,qnwppcyvcbbc,games,bring,play,please,day,sign,remember,like,players,welcome,1
1344683,qnwppcyvcbjb,gaming,always,many,really,could,sign,friend,cost,coming,sitting,1
1344683,qnwppcyvcbkc,gaming,always,many,really,could,sign,friend,cost,coming,sitting,1
1344683,qnwppcyvcbrb,gaming,always,many,really,could,sign,friend,cost,coming,sitting,1
1477047,224765594,bring,something,practice,work,start,see,conversation,help,ill,please,8
3789242,224392015,big,dance,come,band,cover,ill,great,group,giving,back,8
3789242,224392030,big,dance,come,band,cover,ill,great,group,giving,back,8
3789242,224709472,big,dance,come,band,cover,ill,great,group,giving,back,8
3789242,224709559,big,dance,come,band,cover,ill,great,group,giving,back,8
3789242,225359953,big,dance,come,band,cover,ill,great,group,giving,back,9
3789242,225360546,big,dance,come,band,cover,ill,great,group,giving,back,9
3789242,225956361,big,dance,come,band,cover,ill,great,group,giving,back,10
3789242,226828352,big,dance,come,band,cover,ill,great,group,giving,back,11
3789242,227127552,big,dance,come,band,cover,ill,great,group,giving,back,12
3789242,227127629,big,dance,come,band,cover,ill,great,group,giving,back,12
3789242,227784929,big,dance,come,band,cover,ill,great,group,giving,back,1
4791792,228323532,meeting,debate,discuss,help,watch,local,also,important,access,state,1
4791792,jbszklytqbmc,law,grand,people,common,jury,government,rights,power,county,page,12
4791792,rgqnllytqbxb,law,grand,people,common,jury,government,rights,power,county,page,12
7370702,zbhkklytmbfb,meeting,free,every,month,event,pa,time,fitness,heaven,language,9
12495712,226813076,masked,information,pa,email,county,visit,beaver,start,fun,change,11
13352982,khjdflyvcbmc,film,oracle,exchange,information,branch,downtown,minutes,tarot,cant,hosts,1
14639642,224300347,work,journey,prepare,year,journeying,people,use,want,across,see,8
14883072,228227625,come,bring,beginners,new,conversation,chat,fun,know,see,things,1
15280752,223622978,story,family,heart,novel,girl,young,boy,much,part,powerful,8
15280752,225311064,work,journey,prepare,year,journeying,people,use,want,across,see,10
15280752,226289300,book,group,hill,squirrel,meeting,room,people,use,library,level,11
15280752,226307965,work,journey,prepare,year,journeying,people,use,want,across,see,1
17160552,224375501,life,love,psychic,within,often,success,womens,journey,chick,fiction,8
17778672,qpcgnjytmbhb,time,make,speakers,starting,opportunities,keep,next,learn,conversation,open,9
17778672,qpcgnjytmbzb,time,make,speakers,starting,opportunities,keep,next,learn,conversation,open,9
17778672,qpcgnjytnbfb,time,make,speakers,starting,opportunities,keep,next,learn,conversation,open,10
17778672,qpcgnjytnbpc,time,make,speakers,starting,opportunities,keep,next,learn,conversation,open,10
17778672,qpcgnjytnbwb,time,make,speakers,starting,opportunities,keep,next,learn,conversation,open,10
17778672,qpcgnjytpblc,time,make,speakers,starting,opportunities,keep,next,learn,conversation,open,11
17778672,qpcgnjytpbsb,time,make,speakers,starting,opportunities,keep,next,learn,conversation,open,11
17778672,qpcgnjytqbqb,time,make,speakers,starting,opportunities,keep,next,learn,conversation,open,12
17778672,qpcgnjyvcbmb,time,make,speakers,starting,opportunities,keep,next,learn,conversation,open,1
18043902,224363043,games,game,night,play,new,like,try,board,played,last,8
18043902,224754155,games,game,night,play,new,like,try,board,played,last,8
18043902,225029320,games,game,night,play,new,like,try,board,played,last,9
18043902,225399626,games,game,night,play,new,like,try,board,played,last,9
18043902,225676749,games,game,night,play,new,like,try,board,played,last,10
18043902,226150863,games,game,night,play,new,like,try,board,played,last,10
18043902,226164125,games,game,night,play,new,like,try,board,played,last,11
18043902,226318501,games,game,night,play,new,like,try,board,played,last,10
18043902,226803067,games,game,night,play,new,like,try,board,played,last,11
18043902,227120480,games,game,night,play,new,like,try,board,played,last,12
18043902,227720528,games,game,night,play,new,like,try,board,played,last,1
18043902,227994475,games,game,night,play,new,like,try,board,played,last,1
18043902,dfjtnlyvcbdc,games,game,night,play,new,like,try,board,played,last,1
18043902,dfjtnlyvcbmc,games,game,night,play,new,like,try,board,played,last,1
18225742,224158317,games,game,night,play,new,like,try,board,played,last,8
18225742,224597977,bring,board,card,round,cards,free,please,taking,winner,others,8
18225742,225467710,events,event,games,game,convention,weekend,room,main,registration,board,9
18225742,225685468,games,game,night,play,new,like,try,board,played,last,10
18864182,223714286,amp,support,membership,nonprofit,interested,attend,ideas,ways,questions,groups,10
19036712,qtcqcjytlbjc,play,per,scrabble,session,games,minutes,may,every,club,meets,8
19036712,qtcqcjytlbqb,play,per,scrabble,session,games,minutes,may,every,club,meets,8
19036712,qtcqcjytlbzb,play,per,scrabble,session,games,minutes,may,every,club,meets,8
19036712,qtcqcjytmbdb,play,per,scrabble,session,games,minutes,may,every,club,meets,9
19036712,qtcqcjytmbmb,play,per,scrabble,session,games,minutes,may,every,club,meets,9
19036712,qtcqcjytmbnc,play,per,scrabble,session,games,minutes,may,every,club,meets,9
19036712,qtcqcjytmbvb,play,per,scrabble,session,games,minutes,may,every,club,meets,9
19036712,qtcqcjytnbcc,play,per,scrabble,session,games,minutes,may,every,club,meets,10
19036712,qtcqcjytnbkb,play,per,scrabble,session,games,minutes,may,every,club,meets,10
19036712,qtcqcjytnblc,play,per,scrabble,session,games,minutes,may,every,club,meets,10
19036712,qtcqcjytnbsb,play,per,scrabble,session,games,minutes,may,every,club,meets,10
19036712,qtcqcjytpbgb,play,per,scrabble,session,games,minutes,may,every,club,meets,11
19036712,qtcqcjytpbhc,play,per,scrabble,session,games,minutes,may,every,club,meets,11
19036712,qtcqcjytpbpb,play,per,scrabble,session,games,minutes,may,every,club,meets,11
19036712,qtcqcjytpbxb,play,per,scrabble,session,games,minutes,may,every,club,meets,11
19036712,qtcqcjytqbfc,play,per,scrabble,session,games,minutes,may,every,club,meets,12
19036712,qtcqcjytqbmb,play,per,scrabble,session,games,minutes,may,every,club,meets,12
19036712,qtcqcjytqbvb,play,per,scrabble,session,games,minutes,may,every,club,meets,12
19036712,qtcqcjyvcbbc,play,per,scrabble,session,games,minutes,may,every,club,meets,1
19036712,qtcqcjyvcbjb,play,per,scrabble,session,games,minutes,may,every,club,meets,1
19036712,qtcqcjyvcbkc,play,per,scrabble,session,games,minutes,may,every,club,meets,1
19036712,qtcqcjyvcbrb,play,per,scrabble,session,games,minutes,may,every,club,meets,1
21806032,227557880,financial,human,media,market,family,public,today,strategies,planning,magazine,1
21814002,227185172,please,come,tennis,always,member,want,change,stay,later,possible,12
21814002,jlfzhlytlbgb,players,tables,table,beginner,time,around,begin,played,cards,long,8
21814002,jlfzhlytlbhc,players,tables,table,beginner,time,around,begin,played,cards,long,8
21814002,jlfzhlytlbpb,players,tables,table,beginner,time,around,begin,played,cards,long,8
21814002,jlfzhlytlbxb,please,end,play,card,game,note,set,wonderful,food,evening,8
21814002,jlfzhlytmbcb,players,tables,table,beginner,time,around,begin,played,cards,long,9
21814002,jlfzhlytmbdc,players,tables,table,beginner,time,around,begin,played,cards,long,9
21814002,jlfzhlytmblb,players,tables,table,beginner,time,around,begin,played,cards,long,9
21814002,jlfzhlytmbmc,please,end,play,card,game,note,set,wonderful,food,evening,9
21814002,jlfzhlytmbtb,players,tables,table,beginner,time,around,begin,played,cards,long,9
21814002,jlfzhlytnbbc,players,tables,table,beginner,time,around,begin,played,cards,long,10
21814002,jlfzhlytnbjb,players,tables,table,beginner,time,around,begin,played,cards,long,10
21814002,jlfzhlytnbkc,please,end,play,card,game,note,set,wonderful,food,evening,10
21814002,jlfzhlytnbrb,players,tables,table,beginner,time,around,begin,played,cards,long,10
21814002,jlfzhlytpbfb,players,tables,table,beginner,time,around,begin,played,cards,long,11
21814002,jlfzhlytpbgc,players,tables,table,beginner,time,around,begin,played,cards,long,11
21814002,jlfzhlytpbnb,please,end,play,card,game,note,set,wonderful,food,evening,11
21814002,jlfzhlytpbwb,players,tables,table,beginner,time,around,begin,played,cards,long,11
21814002,jlfzhlytqbdc,players,tables,table,beginner,time,around,begin,played,cards,long,12
21814002,jlfzhlytqblb,players,tables,table,beginner,time,around,begin,played,cards,long,12
21814002,jlfzhlytqbmc,please,end,play,card,game,note,set,wonderful,food,evening,12
21814002,jlfzhlytqbtb,players,tables,table,beginner,time,around,begin,played,cards,long,12
21814002,jlfzhlyvcbhb,players,tables,table,beginner,time,around,begin,played,cards,long,1
21814002,jlfzhlyvcbjc,players,tables,table,beginner,time,around,begin,played,cards,long,1
21814002,jlfzhlyvcbqb,please,end,play,card,game,note,set,wonderful,food,evening,1
21814002,jlfzhlyvcbzb,please,end,play,card,game,note,set,wonderful,food,evening,1
21861202,226234477,please,end,play,card,game,note,set,wonderful,food,evening,11
21861202,228039693,please,end,play,card,game,note,set,wonderful,food,evening,1
22265532,xsvknlyvcbbc,support,pa,summer,bands,cranberry,walnut,street,people,jam,best,1
23279162,dvkkhlytlbbc,meeting,free,every,month,event,pa,time,fitness,heaven,language,8
23279162,dvkkhlytmbwb,meeting,free,every,month,event,pa,time,fitness,heaven,language,9
23279162,dvkkhlytpbzb,meeting,free,every,month,event,pa,time,fitness,heaven,language,11
23558137,224592256,bring,something,practice,work,start,see,conversation,help,ill,please,8
23558137,225411671,bring,something,practice,work,start,see,conversation,help,ill,please,9
23558137,225923113,bring,something,practice,work,start,see,conversation,help,ill,please,10
23558137,226385621,bring,something,practice,work,start,see,conversation,help,ill,please,11
23558137,226823194,bring,something,practice,work,start,see,conversation,help,ill,please,11
23558137,227327656,bring,something,practice,work,start,see,conversation,help,ill,please,12
23558137,228037179,bring,something,practice,work,start,see,conversation,help,ill,please,1
23816662,222791719,lunch,business,networking,open,network,premier,server,gives,plan,cash,8
23816662,224744340,well,bring,fun,check,group,together,time,lots,new,feel,9
23816662,224744383,well,bring,fun,check,group,together,time,lots,new,feel,10
23816662,224744431,well,bring,fun,check,group,together,time,lots,new,feel,11
23816662,226211773,good,may,space,story,movement,stars,best,even,later,power,11
23816662,226211813,brunch,event,food,menu,chef,buffet,guests,tea,fresh,cream,12
23816662,227343530,well,come,tournament,share,potluck,entry,night,month,registration,chance,1
23816662,227343708,please,know,let,questions,see,time,phone,number,hi,able,1
23856167,223652600,book,fiction,read,books,club,short,author,discuss,discussion,world,8
23856167,225020893,movie,starts,man,theater,family,food,details,home,young,behind,10
23875882,224358273,love,help,energy,healing,living,spirit,others,receive,meditation,life,8
23875882,224832460,love,help,energy,healing,living,spirit,others,receive,meditation,life,9
23875882,225245840,love,help,energy,healing,living,spirit,others,receive,meditation,life,9
23875882,225662749,love,help,energy,healing,living,spirit,others,receive,meditation,life,10
23875882,225990238,love,help,energy,healing,living,spirit,others,receive,meditation,life,10
23875882,226301545,love,help,energy,healing,living,spirit,others,receive,meditation,life,11
23875882,226665594,love,help,energy,healing,living,spirit,others,receive,meditation,life,11
23875882,227283205,love,help,energy,healing,living,spirit,others,receive,meditation,life,12
23875882,227873392,love,help,energy,healing,living,spirit,others,receive,meditation,life,1
23941462,223680883,essential,oils,healing,energy,master,also,physical,crystal,oil,metaphysical,8
23955740,223835413,essential,oils,healing,energy,master,also,physical,crystal,oil,metaphysical,8
23993188,224241209,business,workshop,small,new,help,series,details,capital,like,understanding,8
23993188,224607959,event,coffee,time,please,love,great,others,opportunity,feel,open,9
23993188,225523755,event,coffee,time,please,love,great,others,opportunity,feel,open,10
23993188,226224266,event,coffee,time,please,love,great,others,opportunity,feel,open,11
23997318,224289698,amp,support,membership,nonprofit,interested,attend,ideas,ways,questions,groups,9
23997318,226419930,amp,support,membership,nonprofit,interested,attend,ideas,ways,questions,groups,11
23997318,227590352,amp,support,membership,nonprofit,interested,attend,ideas,ways,questions,groups,1
24004147,224377696,vegan,holiday,foods,food,dress,desserts,best,middle,festival,free,10
24025988,227758809,new,friends,bring,make,year,ones,coffee,brews,might,angular,1
24044336,225204410,game,fun,come,friends,room,time,different,party,watch,specials,9
24044336,xjqdklytlbkc,meeting,free,every,month,event,pa,time,fitness,heaven,language,8
24044336,xjqdklytmbfb,meeting,free,every,month,event,pa,time,fitness,heaven,language,9
24044336,xjqdklytmbgc,meeting,free,every,month,event,pa,time,fitness,heaven,language,9
24044336,xjqdklytmbnb,meeting,free,every,month,event,pa,time,fitness,heaven,language,9
24044336,xjqdklytmbwb,meeting,free,every,month,event,pa,time,fitness,heaven,language,9
24044336,xjqdklytnbcb,meeting,free,every,month,event,pa,time,fitness,heaven,language,10
24044336,xjqdklytnblb,meeting,free,every,month,event,pa,time,fitness,heaven,language,10
24044336,xjqdklytnbtb,meeting,free,every,month,event,pa,time,fitness,heaven,language,10
24044336,xjqdklytpbzb,meeting,free,every,month,event,pa,time,fitness,heaven,language,11
24044336,xjqdklytqbgc,meeting,free,every,month,event,pa,time,fitness,heaven,language,12
24044336,xjqdklytqbpc,meeting,free,every,month,event,pa,time,fitness,heaven,language,12
24044336,xjqdklyvcbcc,meeting,free,every,month,event,pa,time,fitness,heaven,language,1
24044336,xjqdklyvcbkb,meeting,free,every,month,event,pa,time,fitness,heaven,language,1
24044336,xjqdklyvcblc,meeting,free,every,month,event,pa,time,fitness,heaven,language,1
24044336,xjqdklyvcbsb,meeting,free,every,month,event,pa,time,fitness,heaven,language,1
24051060,224879529,meditation,event,come,welcome,questions,health,happiness,bring,open,please,8
24078122,225187613,games,game,night,play,new,like,try,board,played,last,9
24092941,225362501,bowling,dinner,start,go,lanes,bowl,goes,stories,like,event,10
24097200,225407917,write,something,make,want,please,well,use,coffee,socialize,find,9
24098385,225423447,games,bring,play,please,day,sign,remember,like,players,welcome,9
24104116,225497459,well,bar,meeting,people,next,side,main,black,events,monthly,10
24104204,225498561,university,center,lecture,director,history,college,professor,school,nationality,studies,9
24131401,225824021,town,discount,hour,code,strip,happy,haunted,house,well,district,10
24131401,225824149,town,discount,hour,code,strip,happy,haunted,house,well,district,10
24138037,225757327,find,black,first,new,come,folks,open,learn,looking,place,10
24140617,225407104,learn,skills,clinic,space,discovery,basic,help,free,pa,register,10
24140617,225929002,essential,oils,healing,energy,master,also,physical,crystal,oil,metaphysical,10
24140617,225929128,learn,guest,health,organizations,money,walking,share,programs,create,cant,11
24140617,227295238,project,build,work,learn,projects,interested,code,share,idea,food,12
24140617,227771291,event,new,gift,admission,prizes,singles,tickets,amp,mix,ticket,1
24140617,227967333,story,family,heart,novel,girl,young,boy,much,part,powerful,1
24158661,znxmllytnbhc,life,love,psychic,within,often,success,womens,journey,chick,fiction,11
24158661,znxmllytqbkc,event,new,gift,admission,prizes,singles,tickets,amp,mix,ticket,12
24158661,znxmllyvcbgc,come,food,fair,amp,also,people,volunteers,historic,video,neighborhood,1
24207859,226754592,topics,room,discussion,meeting,learn,learning,meetings,welcome,talk,share,11
24215563,jbszklytqbdc,law,grand,people,common,jury,government,rights,power,county,page,12
24243990,226703317,group,coffee,conversation,beginning,intermediate,please,else,month,ch,pour,1
24243990,227248304,beginners,class,dancers,dances,please,always,participate,experienced,weekly,encouraged,1
24243990,znxbnlyvcbnc,group,coffee,conversation,beginning,intermediate,please,else,month,ch,pour,1
24245808,227272786,bring,board,card,round,cards,free,please,taking,winner,others,1
24253615,227838506,meeting,debate,discuss,help,watch,local,also,important,access,state,1
24271886,227508238,business,workshop,small,new,help,series,details,capital,like,understanding,1
24276968,znxbnlyvcbdb,group,coffee,conversation,beginning,intermediate,please,else,month,ch,pour,1
24276968,znxbnlyvcbmb,group,coffee,conversation,beginning,intermediate,please,else,month,ch,pour,1
24302790,228073541,member,attend,please,event,year,like,contact,masked,non,subject,1
24311385,228177441,games,bring,play,please,day,sign,remember,like,players,welcome,1
24311385,228177519,games,bring,play,please,day,sign,remember,like,players,welcome,1
24311385,228203881,games,bring,play,please,day,sign,remember,like,players,welcome,1
24325358,228344470,talk,design,well,speaker,first,second,work,building,time,development,1